ID,STT,DANGMON,MAU,CHUTHICH,PBSOTIET_TONG,PBSOTIET_LT,PBSOTIET_BT,PBSOTIET_TN,PBSOTIET_BTL,PBSOTIET_TQ,PBSOTIET_DA,PBSOTIET_TTNT,PBSOTIET_LVTN,PBSOTIET_TUHOC,PBSOTIET_KHAC,PBSOTC_TONG,PBSOTC_LT,PBSOTC_BT,PBSOTC_TN,PBSOTC_BTL,PBSOTC_TQ,PBSOTC_DA,PBSOTC_TTNT,PBSOTC_LVTN,PBSOTC_TUHOC,PBSOTC_KHAC,MAU_OLD
1,1,LT,1_0.8_0_0_0.2,0.8LT (2 tiết/tuần x 6 tuần) + 0.2BTL (9 giờ/bài x 1 bài),50,12,0,0,9,0,0,0,0.0,24,5.0,1.0,0.8,0.0,0.0,0.2,0,0,0,0.0,0,0,1a
2,2,LT,1.5_0.93_0_0_0.57,0.93LT (2 tiết/tuần x 7 tuần) + 0.57BTL (25.65g),75,14,0,0,26,0,0,0,0.0,28,7.0,1.5,0.93,0.0,0.0,0.57,0,0,0,0.0,0,0,1b
3,3,LT,2_1.4_0_0_0.6,1.4LT (3 tiết/tuần x 7 tuần) + 0.6BTL (9 giờ/bài x 3 bài),100,21,0,0,27,0,0,0,0.0,42,10.0,2.0,1.4,0.0,0.0,0.6,0,0,0,0.0,0,0,2c
4,4,LT,2_1.4_0_0.6_0,1.4LT (3 tiết/tuần x 7 tuần) + 0.6TN (18g),100,21,0,18,0,0,0,0,0.0,51,10.0,2.0,1.4,0.0,0.6,0.0,0,0,0,0.0,0,0,2b
5,5,LT,2_1.6_0_0_0.4,1.6LT (2 tiết/tuần x 12 tuần) + 0.4BTL (9 giờ/bài x 2 bài),100,24,0,0,18,0,0,0,0.0,48,10.0,2.0,1.6,0.0,0.0,0.4,0,0,0,0.0,0,0,2a
6,6,LT,2_1.6_0_0.4_0,1.6LT (2 tiết/tuần x 12 tuần) + 0.4TN (3 tiết/tuần x 4 tuần liên tục),100,24,0,12,0,0,0,0,0.0,54,10.0,2.0,1.6,0.0,0.4,0.0,0,0,0,0.0,0,0,2e
7,7,LT,1_1_0_0_0,1LT (2 tiết/tuần x 7 tuần),50,15,0,0,0,0,0,0,0.0,30,5.0,1.0,1.0,0.0,0.0,0.0,0,0,0,0.0,0,0,1c
8,8,LT,4_2_0.6_1_0.4,"2LT (2 tiết/tuần x 15 tuần) + 0,6ThL (2 tiết/tuần x 9 tuần) + 1TN (5 tiết/tuần x 6 tuần) + 0,4BTL (9 giờ/bài x 2 bài)",200,30,18,30,18,0,0,0,0.0,84,20.0,4.0,2.0,0.6,1.0,0.4,0,0,0,0.0,0,0,4i
9,9,LT,3_2_0.33_0_0.67/1,2LT (2 tiết/tuần x 15 tuần) + 0.33ThL (2 tiết/tuần x 5 tuần liên tục) + 0.67BTL (10 giờ/bài x 3 bài),150,30,10,0,30,0,0,0,0.0,65,15.0,3.0,2.0,0.33,0.0,0.67,0,0,0,0.0,0,0,3j
10,10,LT,3_2_0.33_0_0.67,2LT (2 tiết/tuần x 15 tuần) + 0.33ThL (2 tiết/tuần x 5 tuần) + 0.67BTL (10 giờ/bài x 3 bài),150,30,10,0,30,0,0,0,0.0,65,15.0,3.0,2.0,0.33,0.0,0.67,0,0,0,0.0,0,0,3h
11,11,LT,3_2_0.33_0.67_0,2LT (2 tiết/tuần x 15 tuần) + 0.33ThL (2 tiết/tuần x 5 tuần) + 0.67TN (5 tiết/tuần x 4 tuần),150,30,10,20,0,0,0,0,0.0,75,15.0,3.0,2.0,0.33,0.67,0.0,0,0,0,0.0,0,0,3k
12,12,LT,3_2_0_0.33_0.67,2LT (2 tiết/tuần x 15 tuần) + 0.33TN (5 tiết/tuần x 2 tuần) + 0.67BTL (10 giờ/bài x 3 bài),150,30,0,10,30,0,0,0,0.0,65,15.0,3.0,2.0,0.0,0.33,0.67,0,0,0,0.0,0,0,3m
13,13,LT,3_2_0.47_0_0.53,2LT (2 tiết/tuần x 15 tuần) + 0.47ThL (2 tiết/tuần x 7 tuần) + 0.53BTL (24 giờ/bài x 1 bài),150,30,14,0,24,0,0,0,0.0,67,15.0,3.0,2.0,0.47,0.0,0.53,0,0,0,0.0,0,0,3f
14,14,LT,3_2_0.4_0_0.6,2LT (2 tiết/tuần x 15 tuần) + 0.4ThL (2 tiết/tuần x 6 tuần) + 0.6BTL (9 giờ/bài x 3 bài),150,30,12,0,27,0,0,0,0.0,66,15.0,3.0,2.0,0.4,0.0,0.6,0,0,0,0.0,0,0,3b
15,15,LT,2.5_2_0_0_0.5,2LT (2 tiết/tuần x 15 tuần) + 0.5BTL (22.5g),125,30,0,0,23,0,0,0,0.0,60,12.0,2.5,2.0,0.0,0.0,0.5,0,0,0,0.0,0,0,2d
16,16,LT,3_2_0_0.5_0.5,2LT (2 tiết/tuần x 15 tuần) + 0.5TN (5 tiết/tuần x 3 tuần) + 0.5BTL (22.5 giờ/bài x 1 bài),150,30,0,15,23,0,0,0,0.0,67,15.0,3.0,2.0,0.0,0.5,0.5,0,0,0,0.0,0,0,3g
17,17,LT,3_2_0_0.67_0.33/1,2LT (2 tiết/tuần x 15 tuần) + 0.67TN (4 tiết/tuần x 5 tuần) + 0.33BTL (15 giờ/bài x 1 bài),150,30,0,20,15,0,0,0,0.0,70,15.0,3.0,2.0,0.0,0.67,0.33,0,0,0,0.0,0,0,3o
18,18,LT,3_2_0_0.67_0.33,2LT (2 tiết/tuần x 15 tuần) + 0.67TN (5 tiết/tuần x 4 tuần) + 0.33BTL (15 giờ/bài x 1 bài),150,30,0,20,15,0,0,0,0.0,70,15.0,3.0,2.0,0.0,0.67,0.33,0,0,0,0.0,0,0,3e
19,19,LT,3_2_0.6_0_0.4,2LT (2 tiết/tuần x 15 tuần) + 0.6ThL (2 tiết/tuần x 9 tuần) + 0.4BTL (9 giờ/bài x 2 bài),150,30,18,0,18,0,0,0,0.0,69,15.0,3.0,2.0,0.6,0.0,0.4,0,0,0,0.0,0,0,3n
20,20,LT,3_2_0.6_0.4_0,2LT (2 tiết/tuần x 15 tuần) + 0.6ThL (2 tiết/tuần x 9 tuần) + 0.4TN (4 tiết/tuần x 3 tuần),150,30,18,12,0,0,0,0,0.0,75,15.0,3.0,2.0,0.6,0.4,0.0,0,0,0,0.0,0,0,3L
21,21,LT,3_2_0.8_0_0.2,2LT (2 tiết/tuần x 15 tuần) + 0.8ThL (2 tiết/tuần x 12 tuần) + 0.2BTL (9 giờ/bài x 1 bài),150,30,24,0,9,0,0,0,0.0,72,15.0,3.0,2.0,0.8,0.0,0.2,0,0,0,0.0,0,0,3a
22,22,LT,3_2_0_0_1,2LT (2 tiết/tuần x 15 tuần) + 1BTL (15 giờ/bài x 3 bài),150,30,0,0,45,0,0,0,0.0,60,15.0,3.0,2.0,0.0,0.0,1.0,0,0,0,0.0,0,0,3c
23,23,LT,3_2_1_0_0,2LT (2 tiết/tuần x 15 tuần) + 1ThL (2 tiết/tuần x 15 tuần) ,150,30,30,0,0,0,0,0,0.0,75,15.0,3.0,2.0,1.0,0.0,0.0,0,0,0,0.0,0,0,3i
24,24,LT,4_2_1_1_0,2LT (2 tiết/tuần x 15 tuần) + 1ThL (2 tiết/tuần x 15 tuần) + 1TN (5 tiết/tuần x 6 tuần),200,30,30,30,0,0,0,0,0.0,90,20.0,4.0,2.0,1.0,1.0,0.0,0,0,0,0.0,0,0,4g
25,25,LT,3_2_0_1_0,2LT (2 tiết/tuần x 15 tuần) + 1TN (5 tiết/tuần x 6 tuần),150,30,0,30,0,0,0,0,0.0,75,15.0,3.0,2.0,0.0,1.0,0.0,0,0,0,0.0,0,0,3d
26,26,LT,4_2_0_1_1,2LT (2 tiết/tuần x 15 tuần) + 1TN (5 tiết/tuần x 6 tuần) + 1BTL (15 giờ/bài x 3 bài),200,30,0,30,45,0,0,0,0.0,75,20.0,4.0,2.0,0.0,1.0,1.0,0,0,0,0.0,0,0,4e
27,27,LT,6_2_0_0_4,2LT (2 tiết/tuần x 15 tuần) + 2BTL (15 giờ/bài x 6 bài),300,30,0,0,180,0,0,0,0.0,60,30.0,6.0,2.0,0.0,0.0,4.0,0,0,0,0.0,0,0,6b
28,28,LT,4_2_0_0_2,2LT (2 tiết/tuần x 15 tuần) + 2BTL (9 giờ/bài x 2BTL 15 giờ/bài x 6 bài),200,30,0,0,90,0,0,0,0.0,60,20.0,4.0,2.0,0.0,0.0,2.0,0,0,0,0.0,0,0,4j
29,29,LT,4_3_0.47_0_0.53,3LT (3 tiết/tuần x 15 tuần) + 0.47ThL (2 tiết/tuần x 7 tuần) + 0.53BTL (24 giờ/bài x 1 bài),200,45,14,0,24,0,0,0,0.0,97,20.0,4.0,3.0,0.47,0.0,0.53,0,0,0,0.0,0,0,4f
30,30,LT,4_3_0_0.67_0.33,3LT (3 tiết/tuần x 15 tuần) + 0.67TN (5 tiết/tuần x 4 tuần) + 0.33BTL (15 giờ/bài x 1 bài),200,45,0,20,15,0,0,0,0.0,100,20.0,4.0,3.0,0.0,0.67,0.33,0,0,0,0.0,0,0,4d
31,31,LT,4_3_0_0.83_0.17,3LT (3 tiết/tuần x 15 tuần) + 0.83TN (5 tiết/tuần x 5 tuần) + 0.17BTL (7.5 giờ/bài x 1 bài),200,45,0,25,8,0,0,0,0.0,102,20.0,4.0,3.0,0.0,0.83,0.17,0,0,0,0.0,0,0,4h
32,32,LT,4_3_0.8_0_0.2,3LT (3 tiết/tuần x 15 tuần) + 0.8ThL (2 tiết/tuần x 12 tuần) + 0.2BTL (9 giờ/bài x 1 bài),200,45,24,0,9,0,0,0,0.0,102,20.0,4.0,3.0,0.8,0.0,0.2,0,0,0,0.0,0,0,4a
33,33,LT,4_3_0_0_1,3LT (3 tiết/tuần x 15 tuần) + 1BTL (15 giờ/bài x 3 bài),200,45,0,0,45,0,0,0,0.0,90,20.0,4.0,3.0,0.0,0.0,1.0,0,0,0,0.0,0,0,4b
34,34,LT,5_3_1_0_1,3LT (3 tiết/tuần x 15 tuần) + 1ThL (2 tiết/tuần x 15 tuần) + 1BTL (15 giờ/bài x 3 bài),250,45,30,0,45,0,0,0,0.0,105,25.0,5.0,3.0,1.0,0.0,1.0,0,0,0,0.0,0,0,5b
35,35,LT,4_3_0_1_0,3LT (3 tiết/tuần x 15 tuần) + 1TN (5 tiết/tuần x 6 tuần),200,45,0,30,0,0,0,0,0.0,105,20.0,4.0,3.0,0.0,1.0,0.0,0,0,0,0.0,0,0,4c
36,36,LT,5_3_0_1_1,3LT (3 tiết/tuần x 15 tuần) + 1TN (5 tiết/tuần x 6 tuần) + 1BTL (15 giờ/bài x 3 bài),250,45,0,30,45,0,0,0,0.0,105,25.0,5.0,3.0,0.0,1.0,1.0,0,0,0,0.0,0,0,5a
37,37,DA,0_0_0_0_0_da,Đồ án/Tiểu luận tổng quan/ Chuyên đề tiến sĩ/ Đề cương luận văn,50,0,0,0,0,0,45,0,0.0,0,5.0,0.0,0.0,0.0,0.0,0.0,0,0,0,0.0,0,0,da0
38,38,DA,1_0_0_0_1,Đồ án,50,0,0,0,0,0,45,0,0.0,0,5.0,1.0,0.0,0.0,0.0,0.0,0,1,0,0.0,0,0,da1
39,39,DA,2_0_0_0_2_da,Đồ án,100,0,0,0,0,0,90,0,0.0,0,10.0,2.0,0.0,0.0,0.0,0.0,0,2,0,0.0,0,0,da2
40,40,DA,3_0_0_0_3,Đồ án,150,0,0,0,0,0,135,0,0.0,0,15.0,3.0,0.0,0.0,0.0,0.0,0,3,0,0.0,0,0,da3
41,41,DA,4_0_0_0_4_da,Đồ án,200,0,0,0,0,0,180,0,0.0,0,20.0,4.0,0.0,0.0,0.0,0.0,0,4,0,0.0,0,0,da4
42,42,LVTN,4_0_0_0_4_lvtn,Luận văn tốt nghiệp,200,0,0,0,0,0,0,0,180.0,0,20.0,4.0,0.0,0.0,0.0,0.0,0,0,0,4.0,0,0,lvtn4
43,43,LVTN,6_0_0_0_6_lvtn,Luận văn tốt nghiệp,300,0,0,0,0,0,0,0,270.0,0,30.0,6.0,0.0,0.0,0.0,0.0,0,0,0,6.0,0,0,lvtn6
44,44,LVTN,9_0_0_0_9,Luận văn tốt nghiệp/Chuyên đề nghiên cứu trước luận văn/ Đề án tốt nghiệp,450,0,0,0,0,0,0,0,405.0,0,45.0,9.0,0.0,0.0,0.0,0.0,0,0,0,9.0,0,0,lvtn9
45,45,LVTN,12_0_0_0_0,Luận văn tốt nghiệp,600,0,0,0,0,0,0,0,540.0,0,60.0,12.0,0.0,0.0,0.0,0.0,0,0,0,12.0,0,0,
101,69,LT,3_2_0.8_0_0.2_SDH,2LT (3 tiết/tuần x 10 tuần) + 0.8ThL (3 tiết/tuần x 8 tuần) + 0.2BTL (9 giờ/bài x 1 bài). Dành riêng cho bậc Sau đại học,150,30,24,0,9,0,0,0,0.0,72,15.0,3.0,2.0,0.8,0.0,0.2,0,0,0,0.0,0,0,3a
102,70,LT,3_2_0.4_0_0.6_SDH,2LT (3 tiết/tuần x 10 tuần) + 0.4ThL (3 tiết/tuần x 4 tuần) + 0.6BTL (9 giờ/bài x 3 bài). Dành riêng cho bậc Sau đại học,150,30,12,0,27,0,0,0,0.0,66,15.0,3.0,2.0,0.4,0.0,0.6,0,0,0,0.0,0,0,3b
103,71,LT,3_2_0_0_1_SDH,2LT (3 tiết/tuần x 10 tuần) + 1BTL (15 giờ/bài x 3 bài). Dành riêng cho bậc Sau đại học,150,30,0,0,45,0,0,0,0.0,60,15.0,3.0,2.0,0.0,0.0,1.0,0,0,0,0.0,0,0,3c
104,72,LT,3_2_0_1_0_SDH,2LT (3 tiết/tuần x 10 tuần) + 1TN (5 tiết/tuần x 6 tuần). Dành riêng cho bậc Sau đại học,150,30,0,30,0,0,0,0,0.0,75,15.0,3.0,2.0,0.0,1.0,0.0,0,0,0,0.0,0,0,3d
105,73,LT,3_2_0_0.5_0.5_SDH,2LT (3 tiết/tuần x 10 tuần) + 0.5TN (5 tiết/tuần x 3 tuần) + 0.5BTL (22.5 giờ/bài x 1 bài). Dành riêng cho bậc Sau đại học,150,30,0,15,23,0,0,0,0.0,67,15.0,3.0,2.0,0.0,0.5,0.5,0,0,0,0.0,0,0,3g
106,74,LT,3_2_1_0_0_SDH,2LT (3 tiết/tuần x 10 tuần) + 1ThL (3 tiết/tuần x 10 tuần). Dành riêng cho bậc Sau đại học,150,30,30,0,0,0,0,0,0.0,75,15.0,3.0,2.0,1.0,0.0,0.0,0,0,0,0.0,0,0,3i
107,75,LT,3_2_0_0.33_0.67_SDH,2LT (3 tiết/tuần x 10 tuần) + 0.33TN (5 tiết/tuần x 2 tuần) + 0.67BTL (10 giờ/bài x 3 bài). Dành riêng cho bậc Sau đại học,150,30,0,10,30,0,0,0,0.0,65,15.0,3.0,2.0,0.0,0.33,0.67,0,0,0,0.0,0,0,3m
108,76,LT,3_2_0.6_0_0.4_SDH,2LT (3 tiết/tuần x 10 tuần) + 0.6ThL (3 tiết/tuần x 6 tuần) + 0.4BTL (9 giờ/bài x 2 bài). Dành riêng cho bậc Sau đại học,150,30,18,0,18,0,0,0,0.0,69,15.0,3.0,2.0,0.6,0.0,0.4,0,0,0,0.0,0,0,3n
109,77,LT,3_2_0_0.67_0.33/1_SD,2LT (3 tiết/tuần x 10 tuần) + 0.67TN (4 tiết/tuần x 5 tuần) + 0.33BTL (15 giờ/bài x 1 bài). Dành riêng cho bậc Sau đại học,150,30,0,20,15,0,0,0,0.0,70,15.0,3.0,2.0,0.0,0.67,0.33,0,0,0,0.0,0,0,3o
122,80,TTNT,11_0_0_0_11_ttdn,Học kỳ thực tập doanh nghiệp,550,0,0,0,0,0,0,495,0.0,5,50.0,11.0,0.0,0.0,0.0,0.0,0,0,11,0.0,0,0,
123,81,TTNT,13_0_0_0_13_ttdn,Thực tập ngoài trường,640,0,0,0,0,0,0,585,0.0,5,50.0,13.0,0.0,0.0,0.0,0.0,0,0,13,0.0,0,0,
46,46,LVTN,24_0_0_0_0,Luận văn tốt nghiệp,1200,0,0,0,0,0,0,0,1080.0,0,120.0,24.0,0.0,0.0,0.0,0.0,0,0,0,24.0,0,0,
47,47,LVTN,15_0_0_0_0,Luận văn tốt nghiệp/Luận án tiến sĩ/ Luận văn thạc sĩ,750,0,0,0,0,0,0,0,675.0,0,75.0,15.0,0.0,0.0,0.0,0.0,0,0,0,15.0,0,0,
48,48,LVTN,54_0_0_0_0,Luận văn tốt nghiệp,2700,0,0,0,0,0,0,0,2430.0,0,270.0,54.0,0.0,0.0,0.0,0.0,0,0,0,54.0,0,0,
49,49,LVTN - PRO,13.5_0_0_0_0,Luận văn tốt nghiệp,675,0,0,0,0,0,0,0,607.5,0,67.5,13.5,0.0,0.0,0.0,0.0,0,0,0,13.5,0,0,
50,50,NN,2_0_1.5_0_0.5,Ngoại ngữ,100,0,45,0,23,0,0,0,0.0,22,10.0,2.0,0.0,1.5,0.0,0.5,0,0,0,0.0,0,0,nn2a
51,51,NN,2_2_0_0_0,Ngoại ngữ,100,30,0,0,0,0,0,0,0.0,60,10.0,2.0,2.0,0.0,0.0,0.0,0,0,0,0.0,0,0,nn2b
52,52,NN,2_1_1_0_0,Ngoại ngữ,100,15,30,0,0,0,0,0,0.0,45,10.0,2.0,1.0,1.0,0.0,0.0,0,0,0,0.0,0,0,nn2c
53,53,NN,6_2_4_0_0,Ngoại ngữ,300,30,120,0,0,0,0,0,0.0,120,30.0,6.0,2.0,4.0,0.0,0.0,0,0,0,0.0,0,0,nn6
54,54,NN,0_0_0_0_0_nn,Ngoại ngữ,300,0,120,0,0,0,0,0,0.0,120,60.0,0.0,0.0,0.0,0.0,0.0,0,0,0,0.0,0,0,nn6_0tc
55,55,NN,0_0_0_0_0,Ngoại ngữ,300,30,120,0,0,0,0,0,0.0,120,30.0,0.0,0.0,0.0,0.0,0.0,0,0,0,0.0,0,0,nn6b_0tc
56,56,PBL,3_1_0_0_2,Project - based learning,150,15,0,0,90,0,0,0,0.0,30,15.0,3.0,1.0,0.0,0.0,2.0,0,0,0,0.0,0,0,pbl1
57,57,PBL,3_2_0_0_1_pbl,Project - based learning,150,30,0,0,45,0,0,0,0.0,60,15.0,3.0,2.0,0.0,0.0,1.0,0,0,0,0.0,0,0,pbl2
58,58,PBL,3_0_0_0_3_pbl,Project - based learning,150,0,0,0,135,0,0,0,0.0,0,15.0,3.0,0.0,0.0,0.0,3.0,0,0,0,0.0,0,0,pbl3
59,59,TH,1_0_0.8_0_0.2,Thực hành,50,0,24,0,9,0,0,0,0.0,12,5.0,1.0,0.0,0.8,0.0,0.2,0,0,0,0.0,0,0,th1
60,60,TNg,1_0_0_1_0,Môn thí nghiệm/ Thực tập xưởng,50,0,0,30,0,0,0,0,0.0,15,5.0,1.0,0.0,0.0,1.0,0.0,0,0,0,0.0,0,0,tng1
61,61,TNg,2_0_0_2_0,Môn thí nghiệm/ Thực tập xưởng,100,0,0,60,0,0,0,0,0.0,30,10.0,2.0,0.0,0.0,2.0,0.0,0,0,0,0.0,0,0,tng2
62,62,TNg,3_0_0_3_0,Môn thí nghiệm/ Thực tập xưởng,150,0,0,90,0,0,0,0,0.0,45,15.0,3.0,0.0,0.0,3.0,0.0,0,0,0,0.0,0,0,tng3
63,63,TNg,4_0_0_4_0,Môn thí nghiệm/ Thực tập xưởng,200,0,0,120,0,0,0,0,0.0,60,20.0,4.0,0.0,0.0,4.0,0.0,0,0,0,0.0,0,0,tng4
64,64,TNg,3_0_0_2.5_0.5_0,Môn thí nghiệm/ Thực tập xưởng,150,0,0,75,23,0,0,0,0.0,37,15.0,3.0,0.0,0.0,2.5,0.5,0,0,0,0.0,0,0,tng5
65,65,TTNT,1_0_0_0_1_ttnt,Thực tập ngoài trường,50,0,0,0,0,0,0,45,0.0,5,0.0,1.0,0.0,0.0,0.0,0.0,0,0,1,0.0,0,0,ttnt1
66,66,TTNT,2_0_0_0_2_ttnt,Thực tập ngoài trường,200,0,0,0,0,0,0,90,0.0,10,100.0,2.0,0.0,0.0,0.0,0.0,0,0,2,0.0,0,0,ttnt2
67,67,TTNT,3_0_0_0_3_ttnt,Thực tập ngoài trường,300,0,0,0,0,0,0,135,0.0,15,150.0,3.0,0.0,0.0,0.0,0.0,0,0,3,0.0,0,0,ttnt3
68,68,TTNT,6_0_0_0_6_ttnt,Thực tập ngoài trường,600,0,0,0,0,0,0,270,0.0,30,300.0,6.0,0.0,0.0,0.0,0.0,0,0,6,0.0,0,0,ttnt6
81,9999,LT,TEST,Cấu hình test,55,1,2,3,4,5,6,7,8.0,9,10.0,56.0,11.0,9.0,8.0,7.0,6,5,4,3.0,2,1,*
142,1000,JPN,0_0_0_0_0_JPN,Tiếng Nhật (ĐHNB),400,90,60,0,0,0,0,0,0.0,210,40.0,0.0,0.0,0.0,0.0,0.0,0,0,0,0.0,0,0,
