room_id,room_description,resource_type
B2-404,H,GENERAL
B2-103,Q,GENERAL
B6-107,Y,GENERAL
B6-108,9,GENERAL
C3-109.1,GT,GENERAL
C3-109,TA,GENERAL
B4-202,UD,GENERAL
B2-209,H_,GENERAL
A4-511,MQ,GENERAL
A4-408,QT,GENERAL
A4-409,DB,GENERAL
A4-410,QT,GENERAL
A4-506,QT,GENERAL
A4-507,QT,GENERAL
A4-508,QT,GENERAL
A4-509,QT,GENERAL
A4-510,QT,GENERAL
B1-112.2,E,GENERAL
B1-114,I,GENERAL
B10-102,QL,GENERAL
B10-201,BR,GENERAL
B10-202,DB,GENERAL
B10-203,DB,GENERAL
B10-204,QT,GENERAL
B10-205,QT,GENERAL
B10-206,QT,GENERAL
B10-207,QT,GENERAL
B10-301,LECTURE,GENERAL
TNCNTP,CP,COMPUTER_LAB
B11-203,DL,GENERAL
B1-206,QT,GENERAL
B1-208,QT,GENERAL
B1-305,QT,GENERAL
B1-306,QT,GENERAL
B1-307,QT,GENERAL
B1-102,F,GENERAL
B1-201,QT,GENERAL
B1-202,QT,GENERAL
B1-203,QT,GENERAL
B1-301,QT,GENERAL
B1-302,QT,GENERAL
B1-303,QT,GENERAL
B3-203,XG,GENERAL
B1-209,SO,GENERAL
B1-210,QT,GENERAL
B1-211,QT,GENERAL
B1-212,QT,GENERAL
B1-213,QT,GENERAL
B1-214,QT,GENERAL
B1-215,QT,GENERAL
B1-308,QT,GENERAL
B1-309,QT,GENERAL
B1-310,QT,GENERAL
B1-311,QT,GENERAL
B1-313,QT,GENERAL
B1-314,QT,GENERAL
B1-315,QT,GENERAL
B2-107,S2,STUDIO
B2-201,QT,GENERAL
B2-202,QT,GENERAL
B2-305,J,GENERAL
B2-109,7,GENERAL
B2-118,/,GENERAL
B2-117,LM,GENERAL
B2-406,VC,GENERAL
B2-108,HS,GENERAL
B2-205,XT,GENERAL
B2-119,DK,GENERAL
B2-214,L,GENERAL
B2-206,P,GENERAL
B2-405,VA,GENERAL
B2-213,VB,GENERAL
B2-308,;,GENERAL
B3-112,V1,GENERAL
B3-202,D1,GENERAL
B3-111,V2,GENERAL
B1-103,N,GENERAL
B3-207,G,GENERAL
C2-PTTDT,M,GENERAL
B1-116,T§,GENERAL
PTNTSL,TV,GENERAL
C2-PTTDT1,M,GENERAL
B3-209,B2,GENERAL
B3-103,MD,GENERAL
PTHTL,C,GENERAL
B4-201,KT,GENERAL
B4-105,B4,GENERAL
B4-301,QT,GENERAL
B4-302,QT,GENERAL
B4-303,QT,GENERAL
B4-305,QT,GENERAL
B4-306,QT,GENERAL
B4-401,QT,GENERAL
B4-402,QT,GENERAL
B4-403,QT,GENERAL
B4-405,QT,GENERAL
B4-406,QT,GENERAL
B4-501,QT,GENERAL
B4-502,QT,GENERAL
B4-504,QT,GENERAL
B4-505,GD,GENERAL
B5-000,CY,CHEMISTRY_LAB
B6-GDB6,XD,GENERAL
B6-301,QT,GENERAL
B6-302,QT,GENERAL
B6-303,QT,GENERAL
B6-306,QT,GENERAL
PTNVLX,R,GENERAL
B6-109,S,STUDIO
C2-PTN,A1,GENERAL
B6-201,LY,GENERAL
CS1-TRD,D,COMPUTER_LAB
CS1-TR2,D,COMPUTER_LAB
CS1-TR3,D,COMPUTER_LAB
CS1-TR4,D,COMPUTER_LAB
CS1-TR5,D,COMPUTER_LAB
CS1-TRQ,TV,COMPUTER_LAB
B7-105,M1,GENERAL
B7-106,M1,GENERAL
B8-201,DC,GENERAL
B8-202,DC,GENERAL
B8-204,DC,GENERAL
B8-303,QT,GENERAL
B8-304,QT,GENERAL
B8-108,1,GENERAL
B8-302,QT,GENERAL
PTNDKT,G1,GENERAL
B8-101,\,GENERAL
B9-201,QT,GENERAL
B9-202,QT,GENERAL
B9-203,QT,GENERAL
B9-204,QT,GENERAL
C1-109B,BD,GENERAL
B12-SAN1,T,GENERAL
B12-SAN3,T,GENERAL
B12-SAN2,T,GENERAL
B12-SAN5,T5,GENERAL
B12-SAN7,T5,GENERAL
B12-SAN8,T5,GENERAL
C1-101,2,GENERAL
C1-205,X2,GENERAL
C5-101,HK,GENERAL
C1-203,X2,GENERAL
C1-202,X2,GENERAL
C2-TTMAY,=,GENERAL
C3-102,+,GENERAL
C4-105,SI,GENERAL
C4-204,>,GENERAL
C4-301,QT,GENERAL
C4-302,QT,GENERAL
C4-303,QT,GENERAL
C4-304,QT,GENERAL
C4-401,QT,GENERAL
C4-402,QT,GENERAL
C4-403,QT,GENERAL
C4-404,QT,GENERAL
C4-501,QT,GENERAL
C4-502,QT,GENERAL
C4-503,GD,GENERAL
C1-XCK,X,GENERAL
C1-206B,DT,GENERAL
C1-201X,KU,GENERAL
C5-106,VI,GENERAL
C1-105B,MU,GENERAL
C1-108B,XH,GENERAL
C1-104B,LU,GENERAL
C1-102B,XL,GENERAL
C1-207B,NU,GENERAL
C1-107B,UI,GENERAL
C1-204B,DU,GENERAL
PTNBOT,KO,GENERAL
C5-302,QT,GENERAL
C5-303,QT,GENERAL
C5-304,QT,GENERAL
C5-401,QT,GENERAL
C5-402,QT,GENERAL
C5-403,QT,GENERAL
C5-502,QT,GENERAL
C5-503,QT,GENERAL
C5-504,QT,GENERAL
C5-501,QT,GENERAL
C6-106,LT,GENERAL
C6-301,PH,PHYSICS_LAB
C6-302,PH,PHYSICS_LAB
C6-303,PH,PHYSICS_LAB
C6-304,PH,PHYSICS_LAB
C6-305,PH,PHYSICS_LAB
C6-306,PH,PHYSICS_LAB
C6-307,PH,PHYSICS_LAB
C6-309,PH,PHYSICS_LAB
C6-308,PH,PHYSICS_LAB
C6-204,PH,PHYSICS_LAB
C6-501,QT,GENERAL
C6-502,QT,GENERAL
C6-401,QT,GENERAL
C6-402,QT,GENERAL
C6-403,QT,GENERAL
C6-601,QT,GENERAL
C6-602,QT,GENERAL
C6-503,QT,GENERAL
C6-603,QT,GENERAL
C6-604,QT,GENERAL
TTCHXD,TX,GENERAL
B1-300,G2,GENERAL
C5-202,5,GENERAL
C6-103,MT,GENERAL
C6-104,TH,GENERAL
A4-411,QT,GENERAL
A4-412,QT,GENERAL
B2-116,{},GENERAL
C1-102A,C2,GENERAL
C1-105,C4,GENERAL
C1-XDU,C5,GENERAL
C2-103A,M9,GENERAL
B1-117,ET,GENERAL
B2-104,A2,GENERAL
C3-PTNC3,TT,GENERAL
C3-105,N2,GENERAL
C1-201B,X9,GENERAL
C1-201A,CX,GENERAL
B2-PTNB2C,P3,GENERAL
B6-SANB6,T9,GENERAL
B1-104,DD,GENERAL
C6-203,NN,GENERAL
C1-104,CC,GENERAL
C3-PTNMXD,MX,ELECTRICAL_LAB
B6-111A,VX,GENERAL
A3-CHUYENDEA3,A3,GENERAL
C2-XUONGC2,U2,MECHANICAL_WORKSHOP
B6-102,DV,GENERAL
C1-201C,K2,GENERAL
B2-403,H,GENERAL
B11-102,E1,GENERAL
B3-106,E4,GENERAL
C2-PTTDT2,MA,ELECTRICAL_LAB
C2-103B,M9,GENERAL
B6-304,QT,GENERAL
A5-108,GH,GENERAL
B12-SAN9,T,OTHER_SPECIAL
B12-SAN10,T,OTHER_SPECIAL
B6-305,QT,GENERAL
B9-101,QT,GENERAL
B5-001,CZ,GENERAL
B8-301,QT,GENERAL
F1-2C6-PTNTRONGDIEM,F1,OTHER_SPECIAL
C3-109.2,GT,GENERAL
B12-SAN,T5,OTHER_SPECIAL
B1-112.1,E5,GENERAL
B6-101,TL,GENERAL
B2-105A,MB,GENERAL
B10-302,V9,GENERAL
B10-306,DX,GENERAL
HANGOUT_TUONGTAC,AH,GENERAL
C6-105,F2,GENERAL
B2-401A,VC,GENERAL
B2-306,HC,GENERAL
A5-107,GH,GENERAL
C4-203,DZ,GENERAL
C2-PTTDT3,9M,ELECTRICAL_LAB
B6-201A,LY,GENERAL
C1-107B2,B8,GENERAL
C3-103,N7,GENERAL
C3-104,N8,GENERAL
B3-208,SC,GENERAL
C5-309,BI,GENERAL
B2-201A,B9,GENERAL
DP-CAOTHANG,CT,GENERAL
C.THANG,CT,GENERAL
HOBOI LY THUONG KIET,HB,OTHER_SPECIAL
C3-109.3,GT,GENERAL
C3-109.4,GT,GENERAL
C1-106B,KN,GENERAL
B7-102,CA,GENERAL
B6-100,TM,GENERAL
B6-203,BM,GENERAL
A5-HTA5,A5,GENERAL
C6-505,MP,GENERAL
C1-201L,LG,GENERAL
C6-509,TH,GENERAL
C6-102,TH,GENERAL
C1-PTNGAH,TC,GENERAL
C1-110B,U3,GENERAL
C5-404,QT,GENERAL
B1-101,HI,GENERAL
B2-401,V6,GENERAL
B2-101,CH,GENERAL
C6-105D,LECTURE,GENERAL
C5-HOITRUONG,GD,GENERAL
CS2-TR2L,HD,COMPUTER_LAB
CS2-TR3L,HD,COMPUTER_LAB
CS2-TR4L,HD,COMPUTER_LAB
CS2-TR5L,HD,COMPUTER_LAB
H1-102,LH,GENERAL
H1-103,LH,GENERAL
H1-101,LH,GENERAL
H1-104,LH,GENERAL
H1-202,LH,GENERAL
H1-203,LH,GENERAL
H1-201,LH,GENERAL
H1-204,LH,GENERAL
H1-210,LH,GENERAL
H1-211,LH,GENERAL
H1-212,LH,GENERAL
H1-213,LH,GENERAL
H1-305,LH,GENERAL
H1-306,LH,GENERAL
H1-308,LH,GENERAL
H1-309,LH,GENERAL
H1-307,LH,GENERAL
H1-401,LH,GENERAL
H1-404,LH,GENERAL
H1-GDH1,HG,GENERAL
H1-405,LH,GENERAL
H1-403,LH,GENERAL
H1-603,HL,GENERAL
H1-601,HL,GENERAL
H1-602,HL,GENERAL
H1-501,HH,GENERAL
H1-502,HH,GENERAL
H1-503,HH,GENERAL
H1-504,HH,GENERAL
H1-701,K3,GENERAL
H1-801,LH,GENERAL
H1-802,LH,GENERAL
H1-803,LH,GENERAL
H1-804,LH,GENERAL
H1-805,LH,GENERAL
H2-503,KI,GENERAL
H2-502,KI,GENERAL
H2-702,OM,GENERAL
H2-701,M3,GENERAL
H2-101,VL,GENERAL
H2-102,I3,GENERAL
H2-201,LH,GENERAL
H2-206,LH,GENERAL
H2-202,LH,GENERAL
H2-205,LH,GENERAL
H2-207,LH,GENERAL
H2-301,LH,GENERAL
H2-306,LH,GENERAL
H2-302,LH,GENERAL
H2-304,LH,GENERAL
H2-305,LH,GENERAL
H2-307,LH,GENERAL
H2-401,LH,GENERAL
H2-406,LH,GENERAL
H2-403,LH,GENERAL
H2-404,LH,GENERAL
H2-402,LH,GENERAL
H2-405,LH,GENERAL
H2-407,LH,GENERAL
H2-506,BO,GENERAL
H2-505,BO,GENERAL
H2-501,KI,GENERAL
H2-805,M2,GENERAL
H2-804,M2,GENERAL
H6-603,CI,GENERAL
H6-604,CI,GENERAL
H6-109,LH,GENERAL
H6-110,LH,GENERAL
H6-112,LH,GENERAL
H6-113,LH,GENERAL
H6-114,DB,GENERAL
H6-205,LH,GENERAL
H6-206,LH,GENERAL
H6-210,LH,GENERAL
H6-211,LH,GENERAL
H6-212,LH,GENERAL
H6-213,LH,GENERAL
H6-214,LH,GENERAL
H6-208,LH,GENERAL
H6-305,LH,GENERAL
H6-306,LH,GENERAL
H6-310,LH,GENERAL
H6-311,LH,GENERAL
H6-312,LH,GENERAL
H6-313,LH,GENERAL
H6-411,LH,GENERAL
H6-412,LH,GENERAL
H6-413,LH,GENERAL
H6-414,LH,GENERAL
H6-415,LH,GENERAL
H6-GDH6,HG,GENERAL
CS2-NHATHIDAU-SAN2,SL,OTHER_SPECIAL
CS2-NHATHIDAU-SAN3,SL,OTHER_SPECIAL
CS2-NHATHIDAU-SAN7,SL,OTHER_SPECIAL
CS2-NHATHIDAU-SAN8,SL,OTHER_SPECIAL
CS2-NHATHIDAU-SAN1,SL,OTHER_SPECIAL
CS2-NHATHIDAU-SAN4,SL,OTHER_SPECIAL
CS2-NHATHIDAU-SAN5,SL,OTHER_SPECIAL
CS2-NHATHIDAU-SAN6,SL,OTHER_SPECIAL
H6-402,V3,GENERAL
H6-303.2,TB,GENERAL
H6-102,T3,GENERAL
H6-002,T4,GENERAL
H6-003,T7,GENERAL
H2-104,PO,GENERAL
H6-605,N6,GENERAL
H6-601,N5,GENERAL
H6-707,CI,GENERAL
H6-501,ND,GENERAL
H6-303.1,T6,GENERAL
H2-007,CL,COMPUTER_LAB
H2-107,NX,GENERAL
H2-005,CS,COMPUTER_LAB
H2-105,N1,GENERAL
H6-708,CI,GENERAL
H6-702,HM,CHEMISTRY_LAB
H6-703,HM,CHEMISTRY_LAB
H2-709,NO,GENERAL
BKE-212,HN,GENERAL
H2-807,M5,GENERAL
H2-711,M4,GENERAL
BKE-208,PH,PHYSICS_LAB
H6-202,O2,GENERAL
H1-710,H#,GENERAL
H1-703,LH,GENERAL
H6-308,LH,GENERAL
BKE-209,NN,GENERAL
CS2-NHATHIDAU-SANA,SL,OTHER_SPECIAL
CS2-NHATHIDAU-SANB,SL,OTHER_SPECIAL
CS2-NHATHIDAU-SANC,SL,OTHER_SPECIAL
CS2-NHATHIDAU-SAND,SL,OTHER_SPECIAL
CS2-NHATHIDAU-SANE,SL,OTHER_SPECIAL
CS2-NHATHIDAU-SANF,SL,OTHER_SPECIAL
CS2-NHATHIDAU-SANG,SL,GENERAL
CS2-NHATHIDAU-SANH,SL,GENERAL
CS2-NHATHIDAU-SANI,SL,GENERAL
CS2-NHATHIDAU-SANJ,SL,GENERAL
CS2-NHATHIDAU-SANK,SL,GENERAL
H6-701,HM,GENERAL
H1-310,LH,GENERAL
H6-506,LH,GENERAL
H6-512,LH,GENERAL
H6-514,LH,GENERAL
H6-516,LH,GENERAL
H6-510,LH,GENERAL
H3-202,TK,STUDIO
H3-201,LH,GENERAL
H3-102,LH,GENERAL
H3-103,LH,GENERAL
H3-104,LH,GENERAL
H3-107,LH,GENERAL
H3-206,LH,GENERAL
H3-207,LH,GENERAL
H3-205,LH,GENERAL
H3-203,CM,COMPUTER_LAB
H1-312,LH,GENERAL
H1-106,LH,GENERAL
H6-504,LH,GENERAL
H3-101,LH,GENERAL
H3-301,LH,GENERAL
H3-302,LH,GENERAL
H3-303,LH,GENERAL
H3-304,LH,GENERAL
H3-305,LH,GENERAL
H3-306,LH,GENERAL
H3-401,LH,GENERAL
H3-402,LH,GENERAL
H3-403,LH,GENERAL
H3-404,LH,GENERAL
H3-405,LH,GENERAL
H3-406,LH,GENERAL
H3-501,LH,GENERAL
H3-502,LH,GENERAL
H3-503,LH,GENERAL
H3-504,LH,GENERAL
H3-505,LH,GENERAL
H3-506,LH,GENERAL
H6-006,NM,GENERAL
H2-802,DA,GENERAL
H3-005,LA,GENERAL
H3-007,LO,GENERAL
H3-001A,B1,GENERAL
H3-002A,B3,GENERAL
H2-705,B5,GENERAL
H6-301,T2,GENERAL
H6-4031,SA,GENERAL
TT THE DUC THE THAO,SL,OTHER_SPECIAL
H2-004,B6,GENERAL
TT GIAO DUC QP-AN,SL,OTHER_SPECIAL
H6-811,LH,GENERAL
H6-201,LH,GENERAL
H6-405,LH,GENERAL
H6-802,LH,GENERAL
H6-810,LH,GENERAL
H6-016,NM,GENERAL
H6-203A,T8,GENERAL
H6-203B,T8,GENERAL
H1-708,AS,GENERAL
HOBOI KV THU DUC,HB,OTHER_SPECIAL
H6-4021,V4,GENERAL
H3-011,PC,COMPUTER_LAB
H6-011,T1,GENERAL
H6-012,T1,GENERAL
H3-606,LH,GENERAL
