course_id,course_name,faculty_id,faculty_name,credits,total_hours,lecture_hours,exercise_hours,lab_hours,project_hours,assignment_hours,thesis_hours,course_type,companion_course_id,resource_type,resource_confidence
AS1001,NHAP MON VE KY THUAT,AS,,3,150,30,24,0,0,9,0,LECTURE,AS1002,GENERAL,1.0
AS1003,Cơ lý thuyết,AS,,3,150,30,30,0,0,0,0,LECTURE,AS1004,GENERAL,1.0
AS2003,Kỹ thuật Lập trình Cơ Kỹ,AS,,3,150,30,24,0,0,9,0,LECTURE,AS2004,GENERAL,1.0
AS2009,Cơ sở Cơ học Lượng tử -,AS,,3,150,30,0,0,0,45,0,LECTURE,,GENERAL,1.0
AS2013,CAD ?ng dụng,AS,,3,150,30,0,0,0,45,0,LECTURE,,GENERAL,1.0
AS2039,Cơ sở vật lý Hạt nhân và,AS,,3,150,30,12,0,0,27,0,LECTURE,AS2040,GENERAL,1.0
AS2051,TINH TOAN KHOA HOC,AS,,3,150,30,0,0,0,45,0,LECTURE,,GENERAL,1.0
AS2059,QUANGHOC K/THUAT &U/DUNG,AS,,3,150,30,0,0,0,45,0,LECTURE,,GENERAL,1.0
AS2069,Phương pháp số cho khoa,AS,,4,200,45,0,0,0,45,0,LECTURE,,GENERAL,1.0
AS2071,Cơ học kỹ thuật,AS,,3,150,30,24,0,0,9,0,LECTURE,AS2072,GENERAL,1.0
AS3029,Lý thuyết dẻo Kỹ thuật,AS,,3,150,30,24,0,0,9,0,LECTURE,AS3030,GENERAL,1.0
AS3031,Đo lường các Đại lượng p,AS,,3,150,30,12,0,0,27,0,LECTURE,AS3032,GENERAL,1.0
AS3041,Xử lý Tín hiệu số,AS,,3,150,30,0,0,0,45,0,LECTURE,,GENERAL,1.0
AS3057,TRUC QUAN HOA DU LIEU,AS,,3,150,30,0,0,0,45,0,LECTURE,,GENERAL,1.0
AS3061,Dao động Cơ sở,AS,,3,150,30,24,0,0,9,0,LECTURE,AS3062,GENERAL,1.0
AS3069,Thiết bị Chẩn đoán hình,AS,,3,150,30,10,20,0,0,0,LECTURE,AS3070,GENERAL,1.0
AS3103,Kỹ thuật Thiết bị Y học,AS,,4,200,45,0,20,0,15,0,LECTURE,AS3104,GENERAL,1.0
AS3105,Cơ sở Y khoa,AS,,4,200,45,0,0,0,45,0,LECTURE,,GENERAL,1.0
AS3107,KY THUAT LAP TRINH (VLTT,AS,,4,200,45,0,0,0,45,0,LECTURE,,GENERAL,1.0
AS3109,CS VATLY TINHTOAN & MPVL,AS,,4,200,45,0,0,0,45,0,LECTURE,,GENERAL,1.0
AS3147,Cơ học Vật rắn Biến dạng,AS,,3,150,30,30,0,0,0,0,LECTURE,AS3148,GENERAL,1.0
AS3153,Thực tập cơ kỹ thuật,AS,,2,100,0,0,60,0,0,0,LAB,,GENERAL,1.0
AS3169,Thiết kế kỹ thuật,AS,,3,150,30,12,0,0,27,0,LECTURE,AS3170,GENERAL,1.0
AS3179,Mô hình thống kê,AS,,3,150,30,0,0,0,45,0,LECTURE,,GENERAL,1.0
CH1001,NHAP MON VE KY THUAT,CH,,3,150,30,10,0,0,30,0,LECTURE,CH1002,GENERAL,1.0
CH1003,HOA DAI CUONG,CH,,3,150,30,0,20,0,15,0,LECTURE,CH1004,GENERAL,1.0
CH1005,HOA LY HOA KEO,CH,,3,150,30,0,0,0,45,0,LECTURE,,GENERAL,1.0
CH1019,DINH DUONG,CH,,3,150,30,0,30,0,0,0,LECTURE,CH1020,GENERAL,1.0
CH2003,HOA LY 1,CH,,3,150,30,0,0,0,45,0,LECTURE,,GENERAL,1.0
CH2007,HOA HOC-HOASINH THUCPHAM,CH,,4,200,45,0,0,0,45,0,LECTURE,,GENERAL,1.0
CH2009,HOA PHAN TICH,CH,,3,150,30,0,20,0,15,0,LECTURE,CH2010,GENERAL,1.0
CH2013,HOA VO CO,CH,,4,200,45,0,30,0,0,0,LECTURE,CH2014,GENERAL,1.0
CH2017,KY THUAT THUC PHAM 1,CH,,3,150,30,0,0,0,45,0,LECTURE,,GENERAL,1.0
CH2021,HOA HUU CO,CH,,3,150,30,18,0,0,18,0,LECTURE,CH2022,GENERAL,1.0
CH2027,SINH HOC DAI CUONG,CH,,3,150,30,0,30,0,0,0,LECTURE,CH2028,GENERAL,1.0
CH2033,HOA SINH,CH,,4,200,45,0,30,0,0,0,LECTURE,CH2034,GENERAL,1.0
CH2039,KY THUAT THUC PHAM 3,CH,,3,150,30,0,0,0,45,0,LECTURE,,GENERAL,1.0
CH2041,THI NGHIEM HOA LY,CH,,2,100,0,0,60,0,0,0,LAB,,GENERAL,1.0
CH2043,Q/TR & TH/BI TRUYENNHIET,CH,,3,150,30,0,0,0,45,0,LECTURE,,GENERAL,1.0
CH2047,QUATRINH KTHUAT SINHHOC2,CH,,3,150,30,0,0,0,45,0,LECTURE,,GENERAL,1.0
CH2049,TN HOA HOC & HOA SINH TP,CH,,2,100,0,0,60,0,0,0,LAB,,GENERAL,1.0
CH2051,Q/TRINH &TBI TRUYEN KHOI,CH,,3,150,30,0,0,0,45,0,LECTURE,,GENERAL,1.0
CH2093,QUA TRINH SINH HOC 3,CH,,3,150,30,0,0,0,45,0,LECTURE,,GENERAL,1.0
CH2113,HOA PHAN TICH,CH,,3,150,30,0,0,0,45,0,LECTURE,,GENERAL,1.0
CH3003,VI SINH VAT,CH,,4,200,45,0,30,0,0,0,LECTURE,CH3004,GENERAL,1.0
CH3015,T/N QUA TRINH THIET BI,CH,,2,100,0,0,60,0,0,0,LAB,,GENERAL,1.0
CH3017,CONGNGHE CHEBIEN TH/PHAM,CH,,3,150,30,0,0,0,45,0,LECTURE,,GENERAL,1.0
CH3021,CONGNGHE PROTEIN -ENZYME,CH,,4,200,30,0,30,0,45,0,LECTURE,CH3022,GENERAL,1.0
CH3049,P/TICH CAM QUAN THUCPHAM,CH,,3,150,30,0,30,0,0,0,LECTURE,CH3050,GENERAL,1.0
CH3131,CONG NGHE GEN,CH,,4,200,30,0,30,0,45,0,LECTURE,CH3132,GENERAL,1.0
CH3133,"MO HINH HOA,MP &TƯH CNHH",CH,,3,150,30,0,0,0,45,0,LECTURE,,GENERAL,1.0
CH3309,T/KE TNGHIEM &XLY SOLIEU,CH,,3,150,30,0,0,0,45,0,LECTURE,,GENERAL,1.0
CH3327,HOA KEO,CH,,3,150,30,0,0,0,45,0,LECTURE,,GENERAL,1.0
CH3329,CAC P/PHAP PHAN TICH HD,CH,,3,150,30,0,0,0,45,0,LECTURE,,GENERAL,1.0
CH3337,TONG HOP HUU CO HOA DAU,CH,,3,150,30,0,0,0,45,0,LECTURE,,GENERAL,1.0
CH3339,CO SO HOA SINH & VI SINH,CH,,3,150,30,24,0,0,9,0,LECTURE,CH3340,GENERAL,1.0
CH3341,COSO DIEU KHIEN QUATRINH,CH,,3,150,30,0,0,0,45,0,LECTURE,,GENERAL,1.0
CH3351,SINH HOC TE BAO,CH,,4,200,45,0,20,0,15,0,LECTURE,CH3352,GENERAL,1.0
CH3361,S/HOC PHAN TU &DI TRUYEN,CH,,4,200,45,0,20,0,15,0,LECTURE,CH3362,GENERAL,1.0
CH3421,CO SO KY THUAT MY PHAM,CH,,3,150,30,0,0,0,45,0,LECTURE,,GENERAL,1.0
CH3425,SINH HOA DUOC,CH,,3,150,30,0,0,0,45,0,LECTURE,,GENERAL,1.0
CH3427,"SINH LY, MIEN DICH HOC",CH,,3,150,30,0,0,0,45,0,LECTURE,,GENERAL,1.0
CH3429,CONG NGHE SX MY PHAM,CH,,3,150,30,0,30,0,0,0,LECTURE,CH3430,GENERAL,1.0
CH3437,SINH HOC TE BAO,CH,,3,150,30,10,20,0,0,0,LECTURE,CH3438,GENERAL,1.0
CH3439,SINH HOC PHAN TU VA DI T,CH,,3,150,30,0,20,0,15,0,LECTURE,CH3440,GENERAL,1.0
CH4051,AN TOAN QUA TRINH,CH,,3,150,30,0,30,0,0,0,LECTURE,CH4052,GENERAL,1.0
CH4059,KIEM TOAN NANG LUONG,CH,,3,150,30,0,0,0,45,0,LECTURE,,GENERAL,1.0
CH4061,K/THUAT DUONG ONG BECHUA,CH,,3,150,30,0,0,0,45,0,LECTURE,,GENERAL,1.0
CH4063,THIET KE P&ID,CH,,3,150,30,0,0,0,45,0,LECTURE,,GENERAL,1.0
CH4065,VANHANH HT QUYTRINH CNHH,CH,,3,150,30,0,0,0,45,0,LECTURE,,GENERAL,1.0
CH4067,CO SO THIET KE NHA MAY,CH,,3,150,30,12,0,0,27,0,LECTURE,CH4068,GENERAL,1.0
CH4069,SAN XUAT SACH HON,CH,,3,150,30,0,0,0,45,0,LECTURE,,GENERAL,1.0
CH4071,DIEU KHIEN TU DONG QTCN,CH,,3,150,30,0,20,0,15,0,LECTURE,CH4072,GENERAL,1.0
CH4073,KY THUAT PHA PHAN TAN,CH,,3,150,30,0,0,0,45,0,LECTURE,,GENERAL,1.0
CH4075,CONG NGHE XL &TAI CHE CT,CH,,3,150,30,12,0,0,27,0,LECTURE,CH4076,GENERAL,1.0
CH4077,NHIEN LIEU S/HOC & NLTT,CH,,3,150,30,0,0,0,45,0,LECTURE,,GENERAL,1.0
CH4079,HOA HOC XANH,CH,,3,150,30,0,0,0,45,0,LECTURE,,GENERAL,1.0
CH4081,C/NGHE SX PB&CAC HC VOCO,CH,,3,150,30,0,0,0,45,0,LECTURE,,GENERAL,1.0
CH4083,CO SO KY THUAT POLYMER,CH,,3,150,30,0,0,0,45,0,LECTURE,,GENERAL,1.0
CH4085,H/HOC &C/NGHE CHAT HDBM,CH,,3,150,30,0,0,0,45,0,LECTURE,,GENERAL,1.0
CH4087,CAC PP VATLY NC CHAT RAN,CH,,3,150,30,0,0,0,45,0,LECTURE,,GENERAL,1.0
CH4089,CO SO KT BUC XA &UNGDUNG,CH,,3,150,30,0,0,0,45,0,LECTURE,,GENERAL,1.0
CH4091,HOA HOC NANO & UNG DUNG,CH,,3,150,30,0,0,0,45,0,LECTURE,,GENERAL,1.0
CH4093,DOC CHAT HOC CN UNG DUNG,CH,,3,75,30,0,0,0,45,0,LECTURE,,GENERAL,1.0
CH4101,QUAN TRI C/LUONG T/PHAM,CH,,3,150,30,0,0,0,45,0,LECTURE,,GENERAL,1.0
CH4147,CS VAT LIEU&CHONG AN MON,CH,,3,150,30,0,0,0,45,0,LECTURE,,GENERAL,1.0
CH4159,AN TOAN THUC PHAM,CH,,3,150,30,0,0,0,45,0,LECTURE,,GENERAL,1.0
CH4163,AN TOAN SINH HOC,CH,,3,150,30,0,0,0,45,0,LECTURE,,GENERAL,1.0
CI1001,NHAP MON VE KY THUAT,CI,,3,150,30,0,0,0,45,0,LECTURE,,GENERAL,1.0
CI1003,VE KY THUAT,CI,,3,150,30,10,20,0,0,0,LECTURE,CI1004,GENERAL,1.0
CI1007,TRAC DIA DAI CUONG,CI,,3,150,30,0,30,0,0,0,LECTURE,CI1008,GENERAL,1.0
CI1033,VE KY THUAT XAY DUNG,CI,,3,150,30,10,20,0,0,0,LECTURE,CI1034,GENERAL,1.0
CI1065,NHAP MON KIEN TRUC,CI,,3,150,30,0,0,0,45,0,LECTURE,,GENERAL,1.0
CI2001,SUC BEN VAT LIEU,CI,,3,150,30,0,20,0,15,0,LECTURE,CI2002,GENERAL,1.0
CI2003,CO LUU CHAT,CI,,3,150,30,0,20,0,15,0,LECTURE,CI2004,GENERAL,1.0
CI2007,SUC BEN VAT LIEU,CI,,4,200,45,0,20,0,15,0,LECTURE,CI2008,GENERAL,1.0
CI2037,VAT LIEU XAY DUNG,CI,,3,150,30,0,15,0,23,0,LECTURE,CI2038,GENERAL,1.0
CI2045,HE THONG THONGTIN DIA LY,CI,,3,150,30,0,30,0,0,0,LECTURE,CI2046,GENERAL,1.0
CI2095,DIA CHAT CONG TRINH,CI,,3,150,30,0,30,0,0,0,LECTURE,CI2096,GENERAL,1.0
CI2097,N/LY THIETKE K/TRUC CTDD,CI,,4,200,45,0,0,45,45,0,LECTURE,,GENERAL,1.0
CI2099,L/SU KIEN TRUC VA DINHCU,CI,,3,150,30,0,0,0,45,0,LECTURE,,GENERAL,1.0
CI2111,BO CUC TAO HINH TRONG KT,CI,,3,150,30,0,0,0,45,0,LECTURE,,GENERAL,1.0
CI2115,N/LY QUY HOACH &TK DOTHI,CI,,3,150,30,24,0,0,9,0,LECTURE,CI2116,GENERAL,1.0
CI2127,HOA HOC NUOC TRONG KTMT,CI,,3,150,30,0,20,0,15,0,LECTURE,CI2128,GENERAL,1.0
CI2129,CAC QT XU LY TRONG KTMT,CI,,3,150,30,0,0,0,45,0,LECTURE,,GENERAL,1.0
CI2131,TN MOI TRUONG NUOC DOTHI,CI,,1,50,0,0,30,0,0,0,LAB,,GENERAL,1.0
CI2133,KET CAU THEP,CI,,3,150,30,0,0,0,45,0,LECTURE,,GENERAL,1.0
CI2135,CO KET CAU,CI,,3,150,30,12,0,0,27,0,LECTURE,CI2136,GENERAL,1.0
CI2137,CO HOC DAT,CI,,3,150,30,14,0,0,24,0,LECTURE,CI2138,GENERAL,1.0
CI2139,KET CAU BE TONG COT THEP,CI,,3,150,30,0,0,0,45,0,LECTURE,,GENERAL,1.0
CI2147,THI NGHIEM CONG TRINH,CI,,1,50,0,0,30,0,0,0,LAB,,GENERAL,1.0
CI2149,THI NGHIEM VAT LIEU CTGT,CI,,1,50,0,0,30,0,0,0,LAB,,GENERAL,1.0
CI2153,THUY LUC &THUY VAN DOTHI,CI,,4,200,45,0,20,0,15,0,LECTURE,CI2154,GENERAL,1.0
CI2155,THINGHIEM VATLY KIENTRUC,CI,,1,50,0,0,30,0,0,0,LAB,,GENERAL,1.0
CI2157,NHAP MON BIM TRONG XD,CI,,3,150,30,0,0,0,45,0,LECTURE,,GENERAL,1.0
CI2159,BAN VE XAY DUNG VA DO HO,CI,,3,150,30,0,0,0,45,0,LECTURE,,GENERAL,1.0
CI3061,PHUONG PHAP PHAN TU HH,CI,,3,150,30,12,0,0,27,0,LECTURE,CI3062,GENERAL,1.0
CI3067,HE THONG DINHVI TOAN CAU,CI,,3,150,30,0,30,0,0,0,LECTURE,CI3068,GENERAL,1.0
CI3241,CAP THOAT NUOC,CI,,3,150,30,0,0,0,45,0,LECTURE,,GENERAL,1.0
CI3251,LY THUYET S/SO &XU LY SL,CI,,4,200,45,0,0,0,45,0,LECTURE,,GENERAL,1.0
CI3259,KY THUAT DIA CHINH,CI,,4,200,45,24,0,0,9,0,LECTURE,CI3260,GENERAL,1.0
CI3269,SUC BEN VAT LIEU,CI,,3,150,30,12,0,0,27,0,LECTURE,CI3270,GENERAL,1.0
CI3273,T/KE KIEN TRUC II - CTCC,CI,,3,150,30,0,0,135,45,0,LECTURE,,GENERAL,1.0
CI3285,N/LY T/KE K/TRUC &KTCTCN,CI,,3,150,30,0,0,0,45,0,LECTURE,,GENERAL,1.0
CI3287,M/LY T/K K/TRUC CANHQUAN,CI,,3,150,30,24,0,0,9,0,LECTURE,CI3288,GENERAL,1.0
CI3289,LANH DAO VA KHOI NGHIEP,CI,,3,150,30,0,0,0,45,0,LECTURE,,GENERAL,1.0
CI3291,LANH DAO &QUAN LY DU AN,CI,,3,150,30,0,0,0,45,0,LECTURE,,GENERAL,1.0
CI3301,DO VE DIA HINH,CI,,3,150,30,0,30,0,0,0,LECTURE,CI3302,GENERAL,1.0
CI3411,LANH DAO & QL NANG LUONG,CI,,3,150,30,0,0,0,45,0,LECTURE,,GENERAL,1.0
CI3487,NGUYEN TAC THIET KE CONG,CI,,3,150,30,10,0,0,45,0,LECTURE,,GENERAL,1.0
CI3489,HE THONG QUY PHAM VA TIE,CI,,3,150,30,0,0,0,45,0,LECTURE,,GENERAL,1.0
CI3491,LUAT VA MOI TRUONG PHAP,CI,,3,150,30,0,0,0,45,0,LECTURE,,GENERAL,1.0
CI3493,NGUYEN LY QUAN LY DU AN,CI,,3,150,30,0,0,0,45,0,LECTURE,,GENERAL,1.0
CI4023,THI CONG CONG TRINH CSHT,CI,,3,150,30,0,0,0,45,0,LECTURE,,GENERAL,1.0
CI4131,KET CAU CONG TRINH THEP,CI,,3,150,30,0,0,0,45,0,LECTURE,,GENERAL,1.0
CI4139,TKE CNSX& LDCKBT DUC SAN,CI,,3,150,30,12,0,0,27,0,LECTURE,CI4140,GENERAL,1.0
CI4141,C/TRINH CAPTHOATNUOC &TB,CI,,3,150,30,0,0,0,45,0,LECTURE,,GENERAL,1.0
CI4143,QUAN LY DU AN & KT CANG,CI,,3,150,30,12,0,0,27,0,LECTURE,CI4144,GENERAL,1.0
CI4145,CS THICONG &KHAI THAC CD,CI,,3,150,30,12,0,0,27,0,LECTURE,CI4146,GENERAL,1.0
CI4147,KY THUAT T/CONG DUOINUOC,CI,,3,150,30,12,0,0,27,0,LECTURE,CI4148,GENERAL,1.0
CI4153,BE TONG DAC BIET CHO CT,CI,,3,150,30,0,20,0,15,0,LECTURE,CI4154,GENERAL,1.0
CI4159,TRAC DIA CONG TRINH,CI,,4,200,30,0,30,0,45,0,LECTURE,CI4160,GENERAL,1.0
CI4161,QUY HOACH HA TANG DO THI,CI,,3,150,30,0,0,0,45,0,LECTURE,,GENERAL,1.0
CI4163,AN MON BE TONG VA BTCT,CI,,3,150,30,12,0,0,27,0,LECTURE,CI4164,GENERAL,1.0
CI4165,HA TANG C/TR GIAO THONG,CI,,3,150,30,12,0,0,27,0,LECTURE,CI4166,GENERAL,1.0
CI4177,T/KE IV - CT PHUC HOP,CI,,4,200,30,0,0,0,90,0,LECTURE,,GENERAL,1.0
CI4187,THIEN TAI &B/DOI KHI HAU,CI,,3,150,30,12,0,0,27,0,LECTURE,CI4188,GENERAL,1.0
CI4189,Q/HOACH TO CHUC THI CONG,CI,,3,150,30,0,0,0,45,0,LECTURE,,GENERAL,1.0
CI4195,THUY LUC NUOC NGAM,CI,,3,150,30,0,0,0,45,0,LECTURE,,GENERAL,1.0
CI4197,QUY HOACH HATANG G/THONG,CI,,3,150,30,12,0,0,27,0,LECTURE,CI4198,GENERAL,1.0
CI4205,CAM THU CANH QUAN,CI,,3,150,30,0,0,0,0,0,LECTURE,CI4206,GENERAL,1.0
CI4207,THIET KE IV - C/QUAN DT,CI,,4,200,45,0,0,0,45,0,LECTURE,,GENERAL,1.0
CI4213,KY THUAT XU LY NUOC,CI,,3,150,30,0,0,0,45,0,LECTURE,,GENERAL,1.0
CI5003,KS NUOC MUA CHAY TRAN DT,CI,,3,150,30,0,0,0,45,0,LECTURE,,GENERAL,1.0
CI5007,MO HINH HOA NUOC NGAM,CI,,3,150,30,0,0,0,45,0,LECTURE,,GENERAL,1.0
CI5011,C/TRINH CAPTHOATNUOC &TB,CI,,3,150,15,0,0,90,0,0,LECTURE,,GENERAL,1.0
CI5031,T/N &D/H K/K TRG TOA NHA,CI,,3,150,30,0,0,0,45,0,LECTURE,,GENERAL,1.0
CI5033,DIA CHAT THUY VAN,CI,,3,150,30,0,0,0,45,0,LECTURE,,GENERAL,1.0
CO1003,Nhập môn về Lập trình,CO,,3,150,30,0,20,0,15,0,LECTURE,CO1004,GENERAL,1.0
CO1005,Nhập môn Điện toán,CO,,3,150,30,0,20,0,15,0,LECTURE,CO1006,GENERAL,1.0
CO1007,Cấu trúc Rời rạc cho Kho,CO,,4,200,45,0,0,0,45,0,LECTURE,,GENERAL,1.0
CO1023,Hệ thống số,CO,,3,150,30,0,30,0,0,0,LECTURE,CO1024,GENERAL,1.0
CO2003,Cấu trúc Dữ liệu và Giải,CO,,4,200,30,0,30,0,45,0,LECTURE,CO2004,GENERAL,1.0
CO2007,Kiến trúc Máy tính,CO,,4,200,45,0,20,0,15,0,LECTURE,CO2008,GENERAL,1.0
CO2011,Mô hình hóa Toán học,CO,,3,150,30,0,0,0,45,0,LECTURE,,GENERAL,1.0
CO2013,Hệ cơ sở Dữ liệu,CO,,4,200,45,0,30,0,0,0,LECTURE,CO2014,GENERAL,1.0
CO2017,Hệ điều hành,CO,,3,150,30,0,20,0,15,0,LECTURE,CO2018,GENERAL,1.0
CO2035,Xử lý Tín hiệu số,CO,,3,150,30,0,30,0,0,0,LECTURE,CO2036,GENERAL,1.0
CO2103,Mạch điện - điện tử,CO,,3,150,30,0,20,0,15,0,LECTURE,CO2104,GENERAL,1.0
CO3001,Công nghệ Phần mềm,CO,,3,150,30,0,0,0,45,0,LECTURE,,GENERAL,1.0
CO3007,Đánh giá Hiệu năng Hệ th,CO,,3,150,30,0,0,0,45,0,LECTURE,,GENERAL,1.0
CO3009,Vi xử lý - Vi điều khiển,CO,,3,150,30,0,30,0,0,0,LECTURE,CO3010,GENERAL,1.0
CO3011,Quản lý Dự án Phần mềm,CO,,3,150,30,0,0,0,45,0,LECTURE,,GENERAL,1.0
CO3013,X/DUNG CHUONG TRINH DICH,CO,,3,150,30,0,0,0,45,0,LECTURE,,GENERAL,1.0
CO3015,Kiểm tra Phần mềm,CO,,3,150,30,0,0,0,45,0,LECTURE,,GENERAL,1.0
CO3017,Kiến trúc Phần mềm,CO,,3,150,30,0,0,0,45,0,LECTURE,,GENERAL,1.0
CO3021,Hệ Quản trị Cơ sở Dữ Liệ,CO,,3,150,30,0,0,0,45,0,LECTURE,,GENERAL,1.0
CO3023,C/SO DULIEU PHANTAN &HDT,CO,,3,75,30,0,0,0,45,0,LECTURE,,GENERAL,1.0
CO3027,Thương mại Điện tử,CO,,3,150,30,0,0,0,45,0,LECTURE,,GENERAL,1.0
CO3029,Khai phá Dữ liệu,CO,,3,150,30,0,0,0,45,0,LECTURE,,GENERAL,1.0
CO3031,PHAN TICH VA THIET KE GT,CO,,3,150,30,0,0,0,45,0,LECTURE,,GENERAL,1.0
CO3033,Bảo mật Hệ thống Thông t,CO,,3,150,30,14,0,0,24,0,LECTURE,CO3034,GENERAL,1.0
CO3035,Hệ thời gian thực,CO,,3,150,30,0,20,0,15,0,LECTURE,CO3036,GENERAL,1.0
CO3037,Phát triển ?ng dụng Inte,CO,,3,150,30,0,20,0,15,0,LECTURE,CO3038,GENERAL,1.0
CO3041,Hệ thống Thông minh,CO,,3,150,30,0,0,0,45,0,LECTURE,,GENERAL,1.0
CO3043,Phát triển ?ng dụng trên,CO,,3,150,30,10,0,0,30,0,LECTURE,CO3044,GENERAL,1.0
CO3045,Lập trình Game,CO,,3,150,30,0,0,0,45,0,LECTURE,,GENERAL,1.0
CO3047,MANG MAY TINH NANG CAO,CO,,3,150,30,0,20,0,15,0,LECTURE,CO3048,GENERAL,1.0
CO3049,Lập trình Web,CO,,3,150,30,0,20,0,15,0,LECTURE,CO3050,GENERAL,1.0
CO3051,Hệ thống thiết bị di độn,CO,,3,150,30,0,20,0,15,0,LECTURE,CO3052,GENERAL,1.0
CO3053,Hệ thống nhúng,CO,,3,150,30,0,15,0,23,0,LECTURE,CO3054,GENERAL,1.0
CO3057,Xử lý ?nh số và Thị giác,CO,,3,150,30,0,0,0,45,0,LECTURE,,GENERAL,1.0
CO3059,Đồ họa Máy tính,CO,,3,150,30,0,0,0,45,0,LECTURE,,GENERAL,1.0
CO3061,Nhập môn Trí tuệ Nhân tạ,CO,,3,150,30,0,0,0,45,0,LECTURE,,GENERAL,1.0
CO3065,Công nghệ Phần mềm Nâng,CO,,3,150,30,0,0,0,45,0,LECTURE,,GENERAL,1.0
CO3067,Tính toán Song song,CO,,3,150,30,0,20,0,15,0,LECTURE,CO3068,GENERAL,1.0
CO3069,Mật mã và An ninh mạng,CO,,3,150,30,0,20,0,15,0,LECTURE,CO3070,GENERAL,1.0
CO3071,Hệ phân bố,CO,,3,150,30,0,20,0,15,0,LECTURE,CO3072,GENERAL,1.0
CO3083,MAT MA HOC VA MA HOA TT,CO,,3,150,30,0,30,0,0,0,LECTURE,CO3084,GENERAL,1.0
CO3085,Xử lý Ngôn ngữ Tự nhiên,CO,,3,150,30,0,0,0,45,0,LECTURE,,GENERAL,1.0
CO3089,Những Chủ đề Nâng cao tr,CO,,3,150,30,0,0,0,45,0,LECTURE,,GENERAL,1.0
CO3093,Mạng máy tính,CO,,3,150,30,0,20,0,15,0,LECTURE,CO3094,GENERAL,1.0
CO3115,Phân tích và Thiết kế Hệ,CO,,3,150,30,10,0,0,30,0,LECTURE,CO3116,GENERAL,1.0
CO3117,Học máy,CO,,3,150,30,0,0,0,45,0,LECTURE,,GENERAL,1.0
CO3141,Điện toán đám mây,CO,,3,150,30,0,0,0,45,0,LECTURE,,GENERAL,1.0
CO3143,Giới thiệu hệ thống trên,CO,,3,150,30,0,20,0,15,0,LECTURE,CO3144,GENERAL,1.0
CO3145,Thiết kế luận lý với HDL,CO,,3,150,30,0,20,0,15,0,LECTURE,CO3146,GENERAL,1.0
CO3147,THIET KE VI MACH NANG CA,CO,,3,150,30,0,20,0,15,0,LECTURE,CO3148,GENERAL,1.0
CO3149,Tổng hợp luận lý vi mạch,CO,,3,150,30,0,20,0,15,0,LECTURE,CO3150,GENERAL,1.0
CO4025,MANG XA HOI & THONG TIN,CO,,3,75,30,0,0,0,45,0,LECTURE,,GENERAL,1.0
CO4031,Kho dữ Liệu và Hệ hỗ trợ,CO,,3,150,30,0,0,0,45,0,LECTURE,,GENERAL,1.0
CO4033,Phân tích Dữ liệu lớn và,CO,,3,150,30,0,0,0,45,0,LECTURE,,GENERAL,1.0
CO4035,Hệ hoạch Định tài Nguyên,CO,,3,150,30,0,0,0,45,0,LECTURE,,GENERAL,1.0
CO4037,Hệ thống thông tin quản,CO,,3,150,30,0,0,0,45,0,LECTURE,,GENERAL,1.0
CO4039,Bảo mật sinh trắc,CO,,3,150,30,0,0,0,45,0,LECTURE,,GENERAL,1.0
EE1001,Nhập môn Về kỹ Thuật,EE,,3,150,30,0,20,0,15,0,LECTURE,EE1002,GENERAL,1.0
EE1005,Kỹ thuật điện,EE,,3,150,30,30,0,0,0,0,LECTURE,EE1006,GENERAL,1.0
EE1009,Kỹ thuật số,EE,,3,150,30,0,30,0,0,0,LECTURE,EE1010,GENERAL,1.0
EE1025,Nhập môn Về kỹ Thuật,EE,,3,150,30,0,30,0,0,0,LECTURE,EE1026,GENERAL,1.0
EE2003,Trường điện từ,EE,,3,150,30,24,0,0,9,0,LECTURE,EE2004,GENERAL,1.0
EE2005,Tín hiệu và Hệ thống,EE,,3,150,30,24,0,0,9,0,LECTURE,EE2006,GENERAL,1.0
EE2009,Hệ thống Máy tính và Ngô,EE,,3,150,30,0,30,0,0,0,LECTURE,EE2010,GENERAL,1.0
EE2011,Kỹ thuật Điện - Điện tử,EE,,3,150,30,30,0,0,0,0,LECTURE,EE2012,GENERAL,1.0
EE2015,Xử lý số Tín hiệu,EE,,3,150,30,0,20,0,15,0,LECTURE,EE2016,GENERAL,1.0
EE2019,Cơ sở Điều khiển Tự động,EE,,3,150,30,0,20,0,15,0,LECTURE,EE2020,GENERAL,1.0
EE2021,Cơ sở Điện tử Công suất,EE,,3,150,30,0,15,0,23,0,LECTURE,EE2022,GENERAL,1.0
EE2023,Thực tập Điện tử 1,EE,,1,50,0,0,30,0,0,0,LAB,,GENERAL,1.0
EE2025,Thực tập Điện 1,EE,,1,50,0,0,30,0,0,0,LAB,,GENERAL,1.0
EE2033,Giải tích mạch,EE,,3,150,30,0,20,0,15,0,LECTURE,EE2034,GENERAL,1.0
EE2081,Ngôn ngữ lập trình,EE,,3,150,30,0,30,0,0,0,LECTURE,EE2082,GENERAL,1.0
EE2401,Vật lý: Điện và Từ học,EE,,3,150,30,12,0,0,27,0,LECTURE,EE2402,GENERAL,1.0
EE2405,Xử lý Tín hiệu Tương tự,EE,,4,200,45,14,0,0,24,0,LECTURE,EE2406,GENERAL,1.0
EE2407,Nguyên lý Tự luận,EE,,3,150,30,12,0,0,27,0,LECTURE,EE2408,GENERAL,1.0
EE2417,Cơ sở Máy tính,EE,,3,150,30,0,30,0,0,0,LECTURE,EE2418,GENERAL,1.0
EE3003,Thiết kế Hệ thống Nhúng,EE,,3,150,30,0,0,0,45,0,LECTURE,,GENERAL,1.0
EE3009,Máy điện,EE,,3,150,30,0,20,0,15,0,LECTURE,EE3010,GENERAL,1.0
EE3013,Giải tích Hệ thống điện,EE,,3,150,30,0,15,0,23,0,LECTURE,EE3014,GENERAL,1.0
EE3015,Kỹ thuật Hệ thống Viễn T,EE,,3,150,30,0,0,0,45,0,LECTURE,,GENERAL,1.0
EE3025,Kỹ thuật Siêu cao tần,EE,,3,150,30,0,0,0,45,0,LECTURE,,GENERAL,1.0
EE3029,Thiết bị và Hệ thống Tự,EE,,3,150,30,0,20,0,15,0,LECTURE,EE3030,GENERAL,1.0
EE3031,Lập trình Hệ thống nhúng,EE,,3,150,30,0,0,0,45,0,LECTURE,,GENERAL,1.0
EE3035,Xử lý ảnh,EE,,3,150,30,0,0,0,45,0,LECTURE,,GENERAL,1.0
EE3037,Điện tử Y sinh,EE,,3,150,30,0,0,0,45,0,LECTURE,,GENERAL,1.0
EE3041,Xử lý Tín hiệu số với FP,EE,,3,150,30,0,0,0,45,0,LECTURE,,GENERAL,1.0
EE3043,Cấu trúc Máy tính,EE,,3,150,30,0,0,0,45,0,LECTURE,,GENERAL,1.0
EE3057,Nhập môn Điều khiển Thôn,EE,,3,150,30,0,0,0,45,0,LECTURE,,GENERAL,1.0
EE3063,Trí tuệ Nhân tạo trong Đ,EE,,3,150,30,0,0,0,45,0,LECTURE,,GENERAL,1.0
EE3065,Kỹ thuật Robot,EE,,3,150,30,0,0,0,45,0,LECTURE,,GENERAL,1.0
EE3067,Hệ thống Điều khiển Nhún,EE,,3,150,30,18,0,0,18,0,LECTURE,EE3068,GENERAL,1.0
EE3069,PLC,EE,,3,150,30,0,0,0,45,0,LECTURE,,GENERAL,1.0
EE3071,SCADA,EE,,3,150,30,0,0,0,45,0,LECTURE,,GENERAL,1.0
EE3075,Thiết bị và Hệ thống Tự,EE,,3,150,30,0,0,0,45,0,LECTURE,,GENERAL,1.0
EE3077,Thị giác máy,EE,,3,150,30,0,0,0,45,0,LECTURE,,GENERAL,1.0
EE3079,Điện tử Công suất ?ng dụ,EE,,3,150,30,0,0,0,45,0,LECTURE,,GENERAL,1.0
EE3085,Mạng viễn thông,EE,,3,150,30,0,0,0,45,0,LECTURE,,GENERAL,1.0
EE3087,Bảo vệ Rơle trong Hệ thố,EE,,3,150,30,0,15,0,23,0,LECTURE,EE3088,GENERAL,1.0
EE3089,Kỹ thuật Cao áp,EE,,3,150,30,18,0,0,18,0,LECTURE,EE3090,GENERAL,1.0
EE3091,Vật liệu Kỹ thuật điện,EE,,3,150,30,0,15,0,23,0,LECTURE,EE3092,GENERAL,1.0
EE3093,Vận hành và Điều khiển H,EE,,3,150,30,18,0,0,18,0,LECTURE,EE3094,GENERAL,1.0
EE3095,?n định Hệ thống điện,EE,,3,150,30,0,15,0,23,0,LECTURE,EE3096,GENERAL,1.0
EE3097,Kỹ thuật An toàn điện,EE,,3,150,30,0,15,0,23,0,LECTURE,EE3098,GENERAL,1.0
EE3099,Kỹ thuật Chiếu sáng,EE,,3,150,30,0,15,0,23,0,LECTURE,EE3100,GENERAL,1.0
EE3101,Kỹ thuật Tiết kiệm và Sử,EE,,3,150,30,0,0,0,45,0,LECTURE,,GENERAL,1.0
EE3107,Thông tin Di động,EE,,3,150,30,0,0,0,45,0,LECTURE,,GENERAL,1.0
EE3111,Mạng máy tính,EE,,3,150,30,0,0,0,45,0,LECTURE,,GENERAL,1.0
EE3117,Thiết kế Vi mạch số,EE,,3,150,30,0,0,0,45,0,LECTURE,,GENERAL,1.0
EE3121,Thiết kế Vi mạch Tương t,EE,,3,150,30,0,0,0,45,0,LECTURE,,GENERAL,1.0
EE3125,QUANG DIEN TU,EE,,3,150,30,0,0,0,45,0,LECTURE,,GENERAL,1.0
EE3127,Anten - Truyền sóng Vô t,EE,,3,150,30,0,0,0,45,0,LECTURE,,GENERAL,1.0
EE3129,Điện tử ?ng dụng,EE,,3,150,30,0,0,0,45,0,LECTURE,,GENERAL,1.0
EE3131,Hệ thống Năng lượng xanh,EE,,3,150,30,0,0,0,45,0,LECTURE,,GENERAL,1.0
EE3133,Thiết bị điện trong Phân,EE,,3,150,30,0,0,0,45,0,LECTURE,,GENERAL,1.0
EE3135,Kỹ thuật Nhiệt lạnh,EE,,3,150,30,10,0,0,30,0,LECTURE,EE3136,GENERAL,1.0
EE3139,Cảm biến và Đo lường,EE,,3,150,30,0,20,0,15,0,LECTURE,EE3140,GENERAL,1.0
EE3143,Điều khiển và ứng dụng c,EE,,3,150,30,0,15,0,23,0,LECTURE,EE3144,GENERAL,1.0
EE3145,Kỹ thuật ra Quyết định,EE,,3,150,30,0,0,0,45,0,LECTURE,,GENERAL,1.0
EE3167,Thiết kế và Phát triển ?,EE,,3,150,30,0,0,0,45,0,LECTURE,,GENERAL,1.0
EE3169,Máy học Cơ bản và ?ng dụ,EE,,3,150,30,0,0,0,45,0,LECTURE,,GENERAL,1.0
EE3171,IoT trong Công nghiệp và,EE,,3,150,30,0,0,0,45,0,LECTURE,,GENERAL,1.0
EE3173,Điều khiển Chuyển động,EE,,3,150,30,0,0,0,45,0,LECTURE,,GENERAL,1.0
EE3175,Mô hình và mô phỏng hệ t,EE,,3,150,30,0,0,0,45,0,LECTURE,,GENERAL,1.0
EE3177,Chuyên đề điện tử - viễn,EE,,3,150,30,0,0,0,45,0,LECTURE,,GENERAL,1.0
EE3179,Truyền động điện,EE,,3,150,30,0,15,0,23,0,LECTURE,EE3180,GENERAL,1.0
EE3195,Hệ thống điện 1,EE,,3,150,30,0,15,0,23,0,LECTURE,EE3196,GENERAL,1.0
EE3201,Cơ sở thiết kế vi mạch,EE,,3,150,30,0,0,0,45,0,LECTURE,,GENERAL,1.0
EE3203,Kiến trúc máy tính,EE,,3,150,30,0,0,0,45,0,LECTURE,,GENERAL,1.0
EE3205,Mạch điện tử nâng cao,EE,,3,150,30,0,20,0,15,0,LECTURE,EE3206,GENERAL,1.0
EE3401,Kỹ thuật Hệ thống Máy tí,EE,,3,150,30,0,0,0,45,0,LECTURE,,GENERAL,1.0
EE3403,Cơ sở Hệ thống Điều khiể,EE,,3,150,30,0,20,0,15,0,LECTURE,EE3404,GENERAL,1.0
EE3405,Mạch công suất và Điện c,EE,,3,150,30,12,0,0,27,0,LECTURE,EE3406,GENERAL,1.0
EE3407,Trường và sóng điện từ,EE,,3,150,30,10,0,0,30,0,LECTURE,EE3408,GENERAL,1.0
EE3411,Mạch điện tử,EE,,3,150,30,0,20,0,15,0,LECTURE,EE3412,GENERAL,1.0
EE3413,Vi xử lý,EE,,3,150,30,0,30,0,0,0,LECTURE,EE3414,GENERAL,1.0
EE3431,Xử lý số Tín hiệu,EE,,3,150,30,0,20,0,15,0,LECTURE,EE3432,GENERAL,1.0
EE4027,Nhập môn Chiếu sáng,EE,,3,150,30,0,30,0,0,0,LECTURE,EE4028,GENERAL,1.0
EE4029,Chiếu sáng Thông minh,EE,,3,150,30,0,30,0,0,0,LECTURE,EE4030,GENERAL,1.0
EE4051,Thiết kế Vi mạch (Pbl),EE,,3,150,30,0,0,0,45,0,LECTURE,,GENERAL,1.0
EE4053,Thiết kế Hệ thống nhúng,EE,,3,150,30,0,0,0,45,0,LECTURE,,GENERAL,1.0
EE4055,Điện tử Công suất,EE,,3,150,30,0,15,0,23,0,LECTURE,EE4056,GENERAL,1.0
EE4059,CAC C/NGHE N/L MOI (PBL),EE,,3,150,30,0,0,45,0,0,LECTURE,,GENERAL,1.0
EE4061,Kỹ thuật Chiếu sáng (Pbl,EE,,3,150,30,0,0,0,45,0,LECTURE,,GENERAL,1.0
EE4067,Thông tin số,EE,,3,150,30,0,0,0,45,0,LECTURE,,GENERAL,1.0
EE4407,Tự động Hóa Công nghiệp,EE,,3,150,30,0,0,0,45,0,LECTURE,,GENERAL,1.0
EE4413,Giải tích hệ thống điện,EE,,3,150,30,0,15,0,23,0,LECTURE,EE4414,GENERAL,1.0
EE4423,Cấu trúc Máy tính,EE,,3,150,30,0,0,0,45,0,LECTURE,,GENERAL,1.0
EE4425,AI và IoT cho hệ thống n,EE,,3,150,30,0,0,0,45,0,LECTURE,,GENERAL,1.0
EE4427,Lưới điện siêu nhỏ và lư,EE,,3,150,30,18,0,0,18,0,LECTURE,EE4428,GENERAL,1.0
EE4429,Công nghệ xe điện,EE,,3,150,30,12,0,0,27,0,LECTURE,EE4430,GENERAL,1.0
EE4431,Điện tử công suất cho hệ,EE,,3,150,30,24,0,0,9,0,LECTURE,EE4432,GENERAL,1.0
EE4441,Cơ sở Người máy (Robot),EE,,3,150,30,18,0,0,18,0,LECTURE,EE4442,GENERAL,1.0
EE4443,Điều khiển Phi tuyến và,EE,,3,150,30,18,0,0,18,0,LECTURE,EE4444,GENERAL,1.0
EE4445,Trí tuệ Nhân tạo trong Đ,EE,,3,150,30,0,0,0,45,0,LECTURE,,GENERAL,1.0
EE4447,Hệ thống Điều khiển nhún,EE,,3,150,30,18,0,0,18,0,LECTURE,EE4448,GENERAL,1.0
EE4449,Kỹ thuật số Nâng Cao,EE,,3,150,30,0,0,0,45,0,LECTURE,,GENERAL,1.0
EE4451,Thiết kế Vi mạch số,EE,,3,150,30,0,0,0,45,0,LECTURE,,GENERAL,1.0
EE4453,Thiết kế Vi mạch Tương t,EE,,3,150,30,0,0,0,45,0,LECTURE,,GENERAL,1.0
EE4455,Trí tuệ nhân tạo,EE,,3,150,30,0,0,0,45,0,LECTURE,,GENERAL,1.0
EE5005,Thiết bị Điện trong Phân,EE,,3,150,30,0,0,0,45,0,LECTURE,,GENERAL,1.0
EE5007,Kỹ thuật Cao áp (Pbl),EE,,3,150,30,0,0,0,45,0,LECTURE,,GENERAL,1.0
EE5009,Điều khiển máy điện (PBL,EE,,3,150,30,0,0,0,45,0,LECTURE,,GENERAL,1.0
EE5011,Hệ thống Năng lượng xanh,EE,,3,150,30,0,0,0,45,0,LECTURE,,GENERAL,1.0
EE5013,Kỹ thuật Siêu cao tần (P,EE,,3,150,30,0,0,0,45,0,LECTURE,,GENERAL,1.0
EE5015,Mạch điện Tử Thông tin (,EE,,3,150,30,0,0,0,45,0,LECTURE,,GENERAL,1.0
EE5019,Thông tin Di động (Pbl),EE,,3,150,30,0,0,0,45,0,LECTURE,,GENERAL,1.0
EN1001,Nhập môn Về kỹ thuật,EN,,3,150,30,10,0,0,30,0,LECTURE,EN1002,GENERAL,1.0
EN1007,NHAP MON KT TUAN HOAN,EN,,3,150,30,12,0,0,27,0,LECTURE,EN1008,GENERAL,1.0
EN2033,Luật và Chính sách Môi t,EN,,3,150,30,0,0,0,45,0,LECTURE,,GENERAL,1.0
EN2039,Thực tập Tham quan,EN,,1,50,12,0,0,0,9,0,LECTURE,,GENERAL,1.0
EN2065,Hóa phân tích trong môi,EN,,3,150,30,0,30,0,0,0,LECTURE,EN2066,GENERAL,1.0
EN2073,Khoa học trái đất ứng dụ,EN,,3,150,30,0,0,0,45,0,LECTURE,,GENERAL,1.0
EN3003,?ng dụng GIS và Viễn Thá,EN,,3,150,30,10,20,0,0,0,LECTURE,EN3004,GENERAL,1.0
EN3005,Kỹ thuật Xử lý Nước cấp,EN,,4,200,45,0,20,0,15,0,LECTURE,EN3006,GENERAL,1.0
EN3013,Kỹ thuật Xử lý Nước thải,EN,,4,200,45,0,20,0,15,0,LECTURE,EN3014,GENERAL,1.0
EN3023,Kỹ thuật Sinh thái,EN,,3,150,30,0,0,0,45,0,LECTURE,,GENERAL,1.0
EN3037,Quản lý Môi trường Đô th,EN,,3,150,30,0,0,0,45,0,LECTURE,,GENERAL,1.0
EN3039,Quản lý Tài nguyên nước,EN,,3,150,30,10,0,0,30,0,LECTURE,EN3040,GENERAL,1.0
EN3043,Kỹ thuật Lò đốt Chất thả,EN,,3,150,30,10,0,0,30,0,LECTURE,EN3044,GENERAL,1.0
EN3069,Quản lý Chất thải Rắn và,EN,,3,150,30,0,0,0,45,0,LECTURE,,GENERAL,1.0
EN3073,An toàn Lao động và Vệ s,EN,,3,150,30,0,0,0,45,0,LECTURE,,GENERAL,1.0
EN3079,Các Hệ thống Quản lý Môi,EN,,3,150,30,0,0,0,45,0,LECTURE,,GENERAL,1.0
EN3083,Quan trắc Môi trường,EN,,3,150,30,0,0,0,45,0,LECTURE,,GENERAL,1.0
EN3111,Các Quá trình Cơ học tro,EN,,3,150,30,0,0,0,45,0,LECTURE,,GENERAL,1.0
EN3113,Quản lý và Kỹ thuật Xử l,EN,,3,150,30,0,0,0,45,0,LECTURE,,GENERAL,1.0
EN3117,Vận hành Công trình Xử l,EN,,3,150,30,0,0,0,45,0,LECTURE,,GENERAL,1.0
EN3127,Sản xuất sạch hơn,EN,,3,150,30,10,0,0,30,0,LECTURE,EN3128,GENERAL,1.0
EN3205,Thủy văn Môi trường,EN,,3,150,30,0,0,0,45,0,LECTURE,,GENERAL,1.0
EN3209,Mô hình Hóa Môi trường,EN,,3,150,30,12,0,0,27,0,LECTURE,EN3210,GENERAL,1.0
EN3211,Q/LY MOITRUONG DOTHI&KCN,EN,,4,90,45,0,0,0,45,0,LECTURE,,GENERAL,1.0
GE1001,NHAP MON VE KY THUAT,GE,,3,150,30,0,0,0,45,0,LECTURE,,GENERAL,1.0
GE1027,KHOA HOC DU LIEU,GE,,3,150,30,14,0,0,24,0,LECTURE,GE1028,GENERAL,1.0
GE2001,CO SO KY THUAT DAU KHI,GE,,3,150,30,0,0,0,45,0,LECTURE,,GENERAL,1.0
GE2031,DIA CHAT THUY VAN,GE,,3,150,30,30,0,0,0,0,LECTURE,GE2032,GENERAL,1.0
GE2035,DCHAT K/TRUC &DO VE BDDC,GE,,3,150,30,24,0,0,9,0,LECTURE,GE2036,GENERAL,1.0
GE2051,CO SO KHOA HOC DCDK &NDK,GE,,3,150,30,14,0,0,24,0,LECTURE,GE2052,GENERAL,1.0
GE2053,NHIET DONG HOC VIA &TCCL,GE,,3,150,30,0,0,0,45,0,LECTURE,,GENERAL,1.0
GE2055,DIA VAT LY DAU KHI &DGTH,GE,,3,150,30,12,0,0,27,0,LECTURE,GE2056,GENERAL,1.0
GE2065,VAT LIEU XAY DUNG,GE,,2,100,24,0,0,0,18,0,LECTURE,,GENERAL,1.0
GE2067,SUC BEN - KET CAU VAT LI,GE,,3,150,30,0,0,0,45,0,LECTURE,,GENERAL,1.0
GE2069,TRAC DIA CONG TRINH,GE,,3,150,30,30,0,0,45,0,LECTURE,,GENERAL,1.0
GE2073,CAC PP KHAO SAT VA TN HI,GE,,3,150,30,0,0,0,45,0,LECTURE,,GENERAL,1.0
GE2075,THUC HANH CAC PHUONG PHA,GE,,1,50,0,0,30,0,0,0,LAB,,GENERAL,1.0
GE2079,KHOANG VAT VA THACH HOC,GE,,3,150,30,0,30,0,15,0,LECTURE,GE2080,GENERAL,1.0
GE3013,THI NGHIEM DIA KY THUAT,GE,,1,50,0,0,30,0,0,0,LAB,,GENERAL,1.0
GE3017,KY THUAT VIA DAU KHI,GE,,3,150,30,0,0,0,45,0,LECTURE,,GENERAL,1.0
GE3147,DIA HOA MOI TRUONG,GE,,3,150,30,12,0,0,27,0,LECTURE,GE3148,GENERAL,1.0
GE3205,CO HOC DA DAU KHI,GE,,3,150,30,0,0,0,45,0,LECTURE,,GENERAL,1.0
GE3213,DIA THONG KE UD TRG KTDK,GE,,3,75,30,0,0,0,45,0,LECTURE,,GENERAL,1.0
GE3219,HOANTHIEN &K/THICH GIENG,GE,,3,150,30,0,0,0,45,0,LECTURE,,GENERAL,1.0
GE3221,TON HAI THANH HE &CTNSKT,GE,,3,150,30,12,0,0,27,0,LECTURE,GE3222,GENERAL,1.0
GE3223,CAC QT VAN CHUYEN &CBDK,GE,,3,150,30,0,0,0,45,0,LECTURE,,GENERAL,1.0
GE3225,PHAN TICH DU LIEU,GE,,3,150,30,0,0,0,45,0,LECTURE,,GENERAL,1.0
GE3227,THI NGHIEM VAT LIEU VA K,GE,,1,50,0,0,30,0,0,0,LAB,,GENERAL,1.0
GE3231,QUAN TRAC DIA KY THUAT C,GE,,3,150,30,18,0,0,18,0,LECTURE,GE3232,GENERAL,1.0
GE3233,DIA DONG LUC CONG TRINH,GE,,2,100,24,0,0,0,18,0,LECTURE,,GENERAL,1.0
GE3235,KINH TE XAY DUNG,GE,,2,100,24,0,0,0,18,0,LECTURE,,GENERAL,1.0
GE3243,VE KY THUAT XAY DUNG,GE,,3,150,30,0,0,0,45,0,LECTURE,,GENERAL,1.0
GE4033,NEN MONG CONG TRINH,GE,,3,150,30,18,0,0,45,0,LECTURE,,GENERAL,1.0
GE4069,DIA CHAT DONGLUC C/TRINH,GE,,3,150,30,24,0,0,9,0,LECTURE,GE4070,GENERAL,1.0
GE4091,MO PHONG VIA DAU KHI,GE,,3,150,30,0,0,0,45,0,LECTURE,,GENERAL,1.0
GE4145,THU VIA &PT AP SUAT CT,GE,,3,150,30,0,0,0,45,0,LECTURE,,GENERAL,1.0
GE4249,CONG TRINH KHAI DAO,GE,,3,150,30,0,0,0,45,0,LECTURE,,GENERAL,1.0
IM1001,Giới thiệu ngành,IM,,3,150,30,0,0,0,45,0,LECTURE,,GENERAL,1.0
IM1003,Kinh tế học Vi mô,IM,,3,150,30,0,0,0,45,0,LECTURE,,GENERAL,1.0
IM1007,Quản trị Đại cương,IM,,3,150,30,0,0,0,45,0,LECTURE,,GENERAL,1.0
IM1013,Kinh tế học Đại cương,IM,,3,150,30,0,0,0,45,0,LECTURE,,GENERAL,1.0
IM1019,Tiếp thị Căn bản,IM,,3,150,30,0,0,0,45,0,LECTURE,,GENERAL,1.0
IM1021,KHOI NGHIEP,IM,,3,150,30,0,0,0,45,0,LECTURE,,GENERAL,1.0
IM1023,Quản lý Sản xuất cho Kỹ,IM,,3,150,30,0,0,0,45,0,LECTURE,,GENERAL,1.0
IM1025,Quản lý Dự án cho Kỹ sư,IM,,3,150,30,0,0,0,45,0,LECTURE,,GENERAL,1.0
IM1027,Kinh tế Kỹ thuật,IM,,3,150,30,0,0,0,45,0,LECTURE,,GENERAL,1.0
IM1029,Hệ thống Sản xuất,IM,,3,150,30,0,0,0,45,0,LECTURE,,GENERAL,1.0
IM1031,KHOI NGHIEP VA DOI MOI S,IM,,3,150,30,0,0,0,45,0,LECTURE,,GENERAL,1.0
IM1033,Công nghệ số trong kinh,IM,,3,150,30,0,0,0,45,0,LECTURE,,GENERAL,1.0
IM2017,Hành vi Tổ chức,IM,,3,150,30,0,0,0,45,0,LECTURE,,GENERAL,1.0
IM2019,Kế toán Quản trị,IM,,3,150,30,0,0,0,45,0,LECTURE,,GENERAL,1.0
IM2035,Phương pháp Định lượng,IM,,3,150,30,0,0,0,45,0,LECTURE,,GENERAL,1.0
IM3001,Quản trị Kinh doanh cho,IM,,3,150,30,0,0,0,45,0,LECTURE,,GENERAL,1.0
IM3009,HE THONG TAI CHINH,IM,,3,150,30,0,0,0,45,0,LECTURE,,GENERAL,1.0
IM3021,Quản lý Chuỗi cung ứng,IM,,3,150,30,0,0,0,45,0,LECTURE,,GENERAL,1.0
IM3023,Thương mại Điện tử,IM,,3,150,30,0,0,0,45,0,LECTURE,,GENERAL,1.0
IM3035,QUAN LY BAO TRI,IM,,3,150,30,0,0,0,45,0,LECTURE,,GENERAL,1.0
IM3041,Hệ Hỗ trợ Quyết định và,IM,,3,150,30,0,0,0,45,0,LECTURE,,GENERAL,1.0
IM3047,Giao tiếp trong Kinh doa,IM,,3,150,30,0,0,0,45,0,LECTURE,,GENERAL,1.0
IM3051,Đạo đức Kinh doanh và Tr,IM,,3,150,30,0,0,0,45,0,LECTURE,,GENERAL,1.0
IM3055,Quản lý Nhân sự,IM,,3,150,30,0,0,0,45,0,LECTURE,,GENERAL,1.0
IM3063,Quản lý Chất lượng,IM,,3,150,30,0,0,0,45,0,LECTURE,,GENERAL,1.0
IM3073,Điều độ Sản xuất,IM,,3,150,30,0,0,0,45,0,LECTURE,,GENERAL,1.0
IM3077,Quản lý Sản xuất Theo Le,IM,,3,150,30,0,0,0,45,0,LECTURE,,GENERAL,1.0
IM3081,Quản trị Kinh doanh Quốc,IM,,3,150,30,0,0,0,45,0,LECTURE,,GENERAL,1.0
IM3083,Hành vi Người tiêu dùng,IM,,3,150,30,0,0,0,45,0,LECTURE,,GENERAL,1.0
IM3087,Hệ thống Thông tin Quản,IM,,3,150,30,0,0,0,45,0,LECTURE,,GENERAL,1.0
IM3089,Đổi mới sản phẩm/dịch vụ,IM,,3,150,30,0,0,0,45,0,LECTURE,,GENERAL,1.0
IM3093,Quản lý logistics và vận,IM,,3,150,30,0,0,0,45,0,LECTURE,,GENERAL,1.0
IM3101,Quản lý Cung ứng và Thu,IM,,3,150,30,0,0,0,45,0,LECTURE,,GENERAL,1.0
IM3103,Quản lý rủi ro chuỗi cun,IM,,3,150,30,0,0,0,45,0,LECTURE,,GENERAL,1.0
IM3105,Phương pháp nghiên cứu t,IM,,3,150,30,0,0,0,45,0,LECTURE,,GENERAL,1.0
IM3109,Tiếp thị số,IM,,3,150,30,0,0,0,45,0,LECTURE,,GENERAL,1.0
IM4003,Quản lý Dự án,IM,,3,150,30,0,0,0,45,0,LECTURE,,GENERAL,1.0
IM4007,Kế hoạch Kinh doanh,IM,,3,150,30,0,0,0,45,0,LECTURE,,GENERAL,1.0
IM4019,Khoa học Dữ liệu trong K,IM,,3,150,30,0,0,0,45,0,LECTURE,,GENERAL,1.0
IM4035,ISO 9000,IM,,3,150,30,0,0,0,45,0,LECTURE,,GENERAL,1.0
IU1001,NHAP MON VE KY THUAT,IU,,3,150,30,24,0,0,9,0,LECTURE,IU1002,GENERAL,1.0
IU2001,CO HOC VAT LIEU,IU,,3,150,30,24,0,0,9,0,LECTURE,IU2002,GENERAL,1.0
IU2031,PHUONG PHAP SO VA KY THU,IU,,3,150,30,24,0,0,9,0,LECTURE,IU2032,GENERAL,1.0
IU2035,KY THUAT DIEN TRONG BAO,IU,,3,150,30,18,12,0,0,0,LECTURE,IU2036,GENERAL,1.0
IU3011,KY THUAT LAP TRINH PLC,IU,,3,150,30,0,30,0,0,0,LECTURE,IU3012,GENERAL,1.0
IU3017,KY THUAT SO,IU,,3,150,30,10,20,0,0,0,LECTURE,IU3018,GENERAL,1.0
IU3061,CONG NGHE CO KHI 2,IU,,3,150,30,0,20,0,15,0,LECTURE,IU3062,GENERAL,1.0
IU3063,CONG NGHE KHI NEN,IU,,3,150,30,0,30,0,0,0,LECTURE,IU3064,GENERAL,1.0
IU3067,CONG NGHE LANH &DIEU HOA,IU,,3,60,30,0,30,0,0,0,LECTURE,IU3068,GENERAL,1.0
IU3101,THUC HANH HAN,IU,,1,50,0,0,30,0,0,0,LAB,,GENERAL,1.0
IU3115,TO CHUC QUAN LY BAO TRI,IU,,3,150,30,24,0,0,9,0,LECTURE,IU3116,GENERAL,1.0
IU3117,CONG NGHE DIEN TRONG CON,IU,,3,150,30,0,30,0,0,0,LECTURE,IU3118,GENERAL,1.0
IU4015,CONG NGHE THUY LUC,IU,,3,150,30,0,30,0,0,0,LECTURE,IU4016,GENERAL,1.0
LA1011,Pháp văn 1,LA,,2,100,30,30,0,0,0,0,LECTURE,LA1012,GENERAL,1.0
LA1015,Pháp văn 3,LA,,2,100,30,30,0,0,0,0,LECTURE,LA1016,GENERAL,1.0
LA1049,Tiếng Nhật - Kiến thức n,LA,,3,150,30,0,0,0,45,0,LECTURE,,GENERAL,1.0
LA1051,Tiếng Nhật - Kỹ năng ngô,LA,,3,150,30,0,0,0,45,0,LECTURE,,GENERAL,1.0
LA2021,Tiếng Nhật - Kiến thức n,LA,,3,150,30,0,0,0,45,0,LECTURE,,GENERAL,1.0
LA2023,Tiếng Nhật - Kỹ năng ngô,LA,,3,150,30,0,0,0,45,0,LECTURE,,GENERAL,1.0
LA3021,Pháp văn 5,LA,,2,100,30,30,0,0,0,0,LECTURE,LA3022,GENERAL,1.0
LA3025,TIENG NHAT 5,LA,,0,300,30,120,0,0,0,0,LECTURE,,GENERAL,1.0
LA4007,TIENG NHAT 7,LA,,0,0,0,0,0,0,0,0,UNKNOWN,,GENERAL,1.0
MA1001,Nhập môn Về Kỹ thuật,MA,,3,150,30,0,0,0,45,0,LECTURE,,GENERAL,1.0
MA1003,Cơ sở Khoa học Vật liệu,MA,,3,150,30,18,0,0,18,0,LECTURE,MA1004,GENERAL,1.0
MA1005,Nhập môn về kỹ thuật Bán,MA,,3,150,30,0,0,0,45,0,LECTURE,,GENERAL,1.0
MA2005,Hóa học chất rắn,MA,,3,150,30,0,0,0,45,0,LECTURE,,GENERAL,1.0
MA2007,Hóa học Polyme,MA,,3,150,30,24,0,0,9,0,LECTURE,MA2008,GENERAL,1.0
MA2011,Điện hóa học,MA,,3,150,30,24,0,0,9,0,LECTURE,MA2012,GENERAL,1.0
MA2013,Các nguồn Năng lượng Tái,MA,,3,150,30,0,0,0,45,0,LECTURE,,GENERAL,1.0
MA2015,Hóa lý Polymer,MA,,3,150,30,24,0,0,9,0,LECTURE,MA2016,GENERAL,1.0
MA2033,Vật lý Chất rắn,MA,,3,150,30,12,0,0,27,0,LECTURE,MA2034,GENERAL,1.0
MA2035,Công nghệ Vật liệu,MA,,3,150,30,24,0,0,9,0,LECTURE,MA2036,GENERAL,1.0
MA2037,Hóa lý - Công nghệ Vật l,MA,,3,150,30,10,20,0,0,0,LECTURE,MA2038,GENERAL,1.0
MA2039,Hóa hữu Cơ - Công nghệ V,MA,,3,150,30,0,30,0,0,0,LECTURE,MA2040,GENERAL,1.0
MA3007,Phương pháp Đánh giá Vật,MA,,3,150,30,12,0,0,27,0,LECTURE,MA3008,GENERAL,1.0
MA3009,Công nghệ Cao su,MA,,4,200,45,0,25,0,8,0,LECTURE,MA3010,GENERAL,1.0
MA3011,Hóa học Xúc tác,MA,,3,150,30,12,0,0,27,0,LECTURE,MA3012,GENERAL,1.0
MA3019,Kỹ thuật Sản xuất các ch,MA,,3,150,30,0,30,0,0,0,LECTURE,MA3020,GENERAL,1.0
MA3021,Nguyên lý Lò công nghiệp,MA,,3,150,30,12,0,0,27,0,LECTURE,MA3022,GENERAL,1.0
MA3031,Vật liệu Chuyển hóa và T,MA,,3,150,30,0,0,0,45,0,LECTURE,,GENERAL,1.0
MA3035,THI NGHIEM SILICAT DC,MA,,1,50,0,0,30,0,0,0,LAB,,GENERAL,1.0
MA3039,Kỹ thuật Sản xuất các Sả,MA,,3,150,30,0,0,0,45,0,LECTURE,,GENERAL,1.0
MA3051,THI NGHIEM SILICAT CN,MA,,2,100,0,0,60,0,0,0,LAB,,GENERAL,1.0
MA3089,Quá trình và Thiết bị Cơ,MA,,4,200,45,24,0,0,9,0,LECTURE,MA3090,GENERAL,1.0
MA3093,Công nghệ Gốm sứ,MA,,3,150,30,0,0,0,45,0,LECTURE,,GENERAL,1.0
MA3095,Lý Thuyết và Công nghệ đ,MA,,4,200,45,24,0,0,9,0,LECTURE,MA3096,GENERAL,1.0
MA3097,Nhiễu xạ Tia X trong Ngh,MA,,3,150,30,10,0,0,30,0,LECTURE,MA3098,GENERAL,1.0
MA3099,T/NGHIEM DIEN HOA HOC,MA,,2,100,0,0,60,0,0,0,LAB,,GENERAL,1.0
MA3101,Truyền nhiệt và Truyền k,MA,,3,150,30,12,0,0,27,0,LECTURE,MA3102,GENERAL,1.0
MA3103,Kim loại học và Nhiệt lu,MA,,4,200,45,0,30,0,0,0,LECTURE,MA3104,GENERAL,1.0
MA3105,Luyện kim đen,MA,,3,150,30,24,0,0,9,0,LECTURE,MA3106,GENERAL,1.0
MA3107,Các Phương pháp Phân tíc,MA,,3,150,30,0,30,0,0,0,LECTURE,MA3108,GENERAL,1.0
MA3109,THI NGHIEM DUC,MA,,1,50,0,0,30,0,0,0,LAB,,GENERAL,1.0
MA3111,Vật lý Vật liệu,MA,,3,150,30,12,0,0,27,0,LECTURE,MA3112,GENERAL,1.0
MA3113,Hóa học Vật liệu,MA,,3,150,30,12,0,0,27,0,LECTURE,MA3114,GENERAL,1.0
MA3121,TN HOA HOC POLYME,MA,,1,50,0,0,30,0,0,0,LAB,,GENERAL,1.0
MA3123,TN HOA LY POLYME,MA,,1,50,0,0,30,0,0,0,LAB,,GENERAL,1.0
MA3125,THUC HANH VAT LIEU 1,MA,,2,100,0,0,60,0,0,0,LAB,,GENERAL,1.0
MA3127,Vật liệu Siêu dẫn,MA,,3,150,30,12,0,0,27,0,LECTURE,MA3128,GENERAL,1.0
MA3129,Khoa học ăn mòn,MA,,3,150,30,12,0,0,27,0,LECTURE,MA3130,GENERAL,1.0
MA3131,Vật liệu và mô phỏng số,MA,,3,150,30,12,0,0,27,0,LECTURE,MA3132,GENERAL,1.0
MA3137,Kỹ thuật Xúc tác,MA,,3,150,30,12,0,0,27,0,LECTURE,MA3138,GENERAL,1.0
MA3139,Vật liệu Nano Cacbon,MA,,3,150,30,12,0,0,27,0,LECTURE,MA3140,GENERAL,1.0
MA3145,Các nguồn Năng lượng Bền,MA,,3,150,30,12,0,0,27,0,LECTURE,MA3146,GENERAL,1.0
MA3147,Công nghệ Vật liệu Đại c,MA,,3,150,30,12,0,0,27,0,LECTURE,MA3148,GENERAL,1.0
MA3149,TN CHE TAO CAC HE N/LUOG,MA,,1,50,0,0,30,0,0,0,LAB,,GENERAL,1.0
MA3159,Mô phỏng trong kỹ thuật,MA,,3,150,30,0,0,0,45,0,LECTURE,,GENERAL,1.0
MA3161,Khoa học và công nghệ vậ,MA,,3,150,30,14,0,0,24,0,LECTURE,MA3162,GENERAL,1.0
MA3163,Công nghệ vật liệu ceram,MA,,3,150,30,14,0,0,24,0,LECTURE,MA3164,GENERAL,1.0
MA3167,Hóa lý silicat,MA,,4,200,45,24,0,0,9,0,LECTURE,MA3168,GENERAL,1.0
MA3169,THUC HANH HOA LY SILICAT,MA,,1,50,0,0,30,0,0,0,LAB,,GENERAL,1.0
MA4025,Công nghệ Sản xuất Gạch,MA,,3,150,30,0,0,0,45,0,LECTURE,,GENERAL,1.0
MA4033,Vật liệu Y sinh,MA,,3,150,30,0,0,0,45,0,LECTURE,,GENERAL,1.0
MA4047,Thiết kế Đúc,MA,,3,150,30,24,0,0,9,0,LECTURE,MA4048,GENERAL,1.0
MA4065,Đo lường và Tự động hóa,MA,,3,150,30,0,0,0,45,0,LECTURE,,GENERAL,1.0
MA4067,Kỹ thuật Gia công Polyme,MA,,4,200,45,0,30,0,0,0,LECTURE,MA4068,GENERAL,1.0
MA4069,Các Tính chất của Vật li,MA,,3,150,30,0,0,0,45,0,LECTURE,,GENERAL,1.0
MA4079,Công nghệ Các chất Tạo m,MA,,3,150,30,0,0,0,45,0,LECTURE,,GENERAL,1.0
MA4081,Vật liệu polyme có tính,MA,,3,150,30,0,0,0,45,0,LECTURE,,GENERAL,1.0
MA4083,Vật liệu Polymer Composi,MA,,3,150,30,0,0,0,45,0,LECTURE,,GENERAL,1.0
MA4085,Polyme Blend,MA,,3,150,30,0,0,0,45,0,LECTURE,,GENERAL,1.0
MA4087,"Công nghệ Xi-măng, Bê tô",MA,,4,200,45,24,0,0,9,0,LECTURE,MA4088,GENERAL,1.0
MA4089,Vật liệu gốm kỹ thuật đi,MA,,3,150,30,0,0,0,45,0,LECTURE,,GENERAL,1.0
MA4091,Vật liệu Môi trường,MA,,3,150,30,0,0,0,45,0,LECTURE,,GENERAL,1.0
MA4093,Kỹ thuật sản xuất vật li,MA,,3,150,30,0,0,0,45,0,LECTURE,,GENERAL,1.0
MA4095,Phụ gia công nghệ xi-măn,MA,,3,150,30,14,0,0,24,0,LECTURE,MA4096,GENERAL,1.0
MA4097,Lớp phủ ceramic,MA,,3,150,30,0,0,0,45,0,LECTURE,,GENERAL,1.0
MA4099,CAC KT GIA CONG THUYTINH,MA,,3,150,30,0,0,0,45,0,LECTURE,,GENERAL,1.0
MA4101,MEN VA MAU,MA,,3,150,30,10,0,0,30,0,LECTURE,MA4102,GENERAL,1.0
MA4103,Luyện kim màu,MA,,3,150,30,10,20,0,0,0,LECTURE,MA4104,GENERAL,1.0
MA4105,Công nghệ kim loại bột,MA,,3,150,30,24,0,0,9,0,LECTURE,MA4106,GENERAL,1.0
MA4107,Ăn mòn và phá hủy trong,MA,,3,150,30,14,0,0,24,0,LECTURE,MA4108,GENERAL,1.0
MA4109,Đúc liên tục,MA,,3,150,30,24,0,0,9,0,LECTURE,MA4110,GENERAL,1.0
MA4111,T/NGHIEM PHAN TICH HOALY,MA,,1,50,0,0,30,0,0,0,LAB,,GENERAL,1.0
MA4113,Vật liệu Tiên tiến trong,MA,,3,150,30,0,0,0,45,0,LECTURE,,GENERAL,1.0
MA4115,Các phương pháp gia công,MA,,3,150,30,0,0,0,45,0,LECTURE,,GENERAL,1.0
MA4117,Polyme dẫn điện,MA,,3,150,30,0,0,0,45,0,LECTURE,,GENERAL,1.0
MA4119,Vật liệu và Công nghệ Qu,MA,,3,150,30,10,0,0,30,0,LECTURE,MA4120,GENERAL,1.0
MA4121,Kỹ thuật Tính toán và Mô,MA,,3,150,30,0,0,0,45,0,LECTURE,,GENERAL,1.0
MA4125,Tạo hình Kim loại,MA,,4,200,45,24,0,0,9,0,LECTURE,MA4126,GENERAL,1.0
MA4127,Công nghệ Nhiệt luyện,MA,,3,150,30,0,30,0,0,0,LECTURE,MA4128,GENERAL,1.0
MA4129,Công nghệ phun phủ kim l,MA,,3,150,30,24,0,0,9,0,LECTURE,MA4130,GENERAL,1.0
MA4131,Điện hóa kim loại,MA,,3,150,30,12,0,0,27,0,LECTURE,MA4132,GENERAL,1.0
MA4133,Lý thuyết và công nghệ b,MA,,3,150,30,12,0,0,27,0,LECTURE,MA4134,GENERAL,1.0
MA4139,Kỹ thuật Phân tích Hóa l,MA,,3,150,30,12,0,0,27,0,LECTURE,MA4140,GENERAL,1.0
MA4141,Công nghệ Điện hóa,MA,,3,150,30,12,0,0,27,0,LECTURE,MA4142,GENERAL,1.0
MA4155,T/NGHIEM CONG NGHE CAOSU,MA,,2,100,0,0,60,0,0,0,LAB,,GENERAL,1.0
MA4159,Công nghệ Phân loại và T,MA,,3,150,30,12,0,0,27,0,LECTURE,MA4160,GENERAL,1.0
MA4161,Công nghệ sản xuất bao b,MA,,3,150,30,0,0,0,45,0,LECTURE,,GENERAL,1.0
MA4163,Kỹ thuật sản xuất xenlul,MA,,3,150,30,0,0,0,45,0,LECTURE,,GENERAL,1.0
MA4165,Polyme Y sinh và Polyme,MA,,3,150,30,12,0,0,27,0,LECTURE,MA4166,GENERAL,1.0
MA4167,Vật liệu cao su ứng dụng,MA,,3,150,30,0,0,0,45,0,LECTURE,,GENERAL,1.0
MA4169,VAT LIEU POLYME XOP,MA,,3,150,30,0,0,0,45,0,LECTURE,,GENERAL,1.0
MA4177,Các phương pháp phân tíc,MA,,3,150,30,0,0,0,45,0,LECTURE,,GENERAL,1.0
MA4179,Lựa chọn và Sử dụng Vật,MA,,3,150,30,24,0,0,9,0,LECTURE,MA4180,GENERAL,1.0
MA5015,Các Phương pháp Phân tíc,MA,,3,150,30,0,0,0,45,0,LECTURE,,GENERAL,1.0
MA5019,T/H TAO MANG &CTCCVL POL,MA,,1,50,0,0,30,0,0,0,LAB,,GENERAL,1.0
MA5023,Pin: Từ Cổ điển đến Hiện,MA,,3,150,30,10,0,0,30,0,LECTURE,MA5024,GENERAL,1.0
ME1001,NHAP MON VE KY THUAT,ME,,3,150,30,0,0,0,45,0,LECTURE,,GENERAL,1.0
ME1013,THUCTAP COKHI DAICUONG 1,ME,,2,100,0,0,60,0,0,0,LAB,,GENERAL,1.0
ME1015,NGUYEN LY MAY,ME,,4,200,45,24,0,0,9,0,LECTURE,ME1016,GENERAL,1.0
ME1019,QUAN LY NANG SUAT VA CHA,ME,,3,150,30,24,0,0,9,0,LECTURE,ME1020,GENERAL,1.0
ME1021,VAT LY DIEN TU,ME,,4,200,45,24,0,0,9,0,LECTURE,ME1022,GENERAL,1.0
ME2003,NGUYEN LY MAY,ME,,3,150,30,12,0,0,27,0,LECTURE,ME2004,GENERAL,1.0
ME2007,CHI TIET MAY,ME,,3,150,30,24,0,0,9,0,LECTURE,ME2008,GENERAL,1.0
ME2009,KYTHUAT DIEUKHIEN TUDONG,ME,,3,150,30,0,20,0,15,0,LECTURE,ME2010,GENERAL,1.0
ME2013,NHIETDONGLUCHOC&TR/NHIET,ME,,3,150,30,0,20,0,15,0,LECTURE,ME2014,GENERAL,1.0
ME2019,MOI TRUONG VA CON NGUOI,ME,,3,150,30,0,20,0,15,0,LECTURE,ME2020,GENERAL,1.0
ME2045,Kinh tế Kỹ thuật,ME,,3,150,30,0,0,0,45,0,LECTURE,,GENERAL,1.0
ME2049,?ng dụng Máy tính trong,ME,,3,150,30,0,15,0,23,0,LECTURE,ME2050,GENERAL,1.0
ME2051,Vận trù học,ME,,3,150,30,10,0,0,30,0,LECTURE,ME2052,GENERAL,1.0
ME2059,POLYMER DET,ME,,3,150,30,0,0,0,45,0,LECTURE,,GENERAL,1.0
ME2065,CONG NGHE MAY 1,ME,,3,150,30,0,0,0,45,0,LECTURE,,GENERAL,1.0
ME2087,THUC TAP CO KHI D/CUONG2,ME,,2,100,0,0,60,0,0,0,LAB,,GENERAL,1.0
ME2089,VE KY THUAT CO KHI,ME,,4,200,30,30,30,0,0,0,LECTURE,ME2090,GENERAL,1.0
ME2091,PHUONG PHAP SO,ME,,3,150,30,12,0,0,27,0,LECTURE,ME2092,GENERAL,1.0
ME2103,KHOA HOC VAT LIEU DET,ME,,3,150,30,12,0,0,27,0,LECTURE,ME2104,GENERAL,1.0
ME2107,TN K/TRA PT VAT LIEU DET,ME,,2,100,0,0,60,0,0,0,LAB,,GENERAL,1.0
ME2113,Quản lý Thu mua,ME,,3,150,30,0,0,0,45,0,LECTURE,,GENERAL,1.0
ME2117,THI NGHIEM CO HOC MAY,ME,,1,50,0,0,30,0,0,0,LAB,,GENERAL,1.0
ME2123,Kỹ thuật Hệ thống,ME,,3,150,30,0,0,0,45,0,LECTURE,,GENERAL,1.0
ME2141,Kỹ thuật dự báo,ME,,3,150,30,0,0,0,45,0,LECTURE,,GENERAL,1.0
ME2151,Quản lý chuỗi cung ứng,ME,,3,150,30,0,0,0,45,0,LECTURE,,GENERAL,1.0
ME2157,Kiểm soát và quản lý chấ,ME,,3,150,30,0,10,0,30,0,LECTURE,ME2158,GENERAL,1.0
ME2159,KY THUAT LANH,ME,,3,150,30,0,20,0,15,0,LECTURE,ME2160,GENERAL,1.0
ME2161,TRUYEN NHIET &TBTD NHIET,ME,,3,150,30,0,20,0,15,0,LECTURE,ME2162,GENERAL,1.0
ME2169,KD &DANH GIA CL TRONG DM,ME,,3,150,30,0,0,0,45,0,LECTURE,,GENERAL,1.0
ME2171,CONG NGHE MAY MAC,ME,,3,150,30,0,0,0,45,0,LECTURE,,GENERAL,1.0
ME2173,CAC CN 4.0 TRONG QLNS&CL,ME,,3,150,30,0,0,0,45,0,LECTURE,,GENERAL,1.0
ME2175,KINH DOANH THOI TRANG,ME,,3,150,30,0,0,0,45,0,LECTURE,,GENERAL,1.0
ME2179,HE TRUYEN DONG DIEN,ME,,3,150,30,0,20,0,15,0,LECTURE,ME2180,GENERAL,1.0
ME2181,Quản lý Dự án trong Công,ME,,3,150,30,0,15,0,23,0,LECTURE,ME2182,GENERAL,1.0
ME2319,Kỹ thuật và Quản lý Logi,ME,,3,150,30,0,0,0,45,0,LECTURE,,GENERAL,1.0
ME3001,K/THUAT THUY LUC &KHINEN,ME,,3,150,30,0,20,0,15,0,LECTURE,ME3002,GENERAL,1.0
ME3003,DUNG SAI VA KY THUAT DO,ME,,3,150,30,0,20,0,15,0,LECTURE,ME3004,GENERAL,1.0
ME3005,THIETKE HETHONG CODIENTU,ME,,3,150,30,24,0,0,9,0,LECTURE,ME3006,GENERAL,1.0
ME3009,CAC QUA TRINH CHE TAO,ME,,3,150,30,0,20,0,15,0,LECTURE,ME3010,GENERAL,1.0
ME3013,HE THONG PLC,ME,,3,150,30,0,20,0,15,0,LECTURE,ME3014,GENERAL,1.0
ME3047,CONG NGHE KHONG DET,ME,,3,150,30,0,0,0,45,0,LECTURE,,GENERAL,1.0
ME3051,CONG NGHE DET THOI,ME,,3,150,30,14,0,0,24,0,LECTURE,ME3052,GENERAL,1.0
ME3061,HOA HOC THUOC NHUOM,ME,,3,150,30,0,15,0,23,0,LECTURE,ME3062,GENERAL,1.0
ME3067,C/NGHE NHUOM HOANTAT VAI,ME,,3,150,30,0,30,0,0,0,LECTURE,ME3068,GENERAL,1.0
ME3095,K/THUAT TR/TRI TRANGPHUC,ME,,3,150,30,0,30,0,0,0,LECTURE,ME3096,GENERAL,1.0
ME3105,THIET KE DO HOA,ME,,3,150,30,0,0,0,45,0,LECTURE,,GENERAL,1.0
ME3137,THIET KE TRANG PHUC 1,ME,,3,150,30,0,30,0,0,0,LECTURE,ME3138,GENERAL,1.0
ME3149,THUC TAP NHIET DAI CUONG,ME,,2,100,0,0,60,0,0,0,LAB,,GENERAL,1.0
ME3171,CAU TRUC VAI,ME,,4,200,45,24,0,0,9,0,LECTURE,ME3172,GENERAL,1.0
ME3175,THIET BI MAY,ME,,3,150,30,0,0,0,45,0,LECTURE,,GENERAL,1.0
ME3177,THUC TAP THIET KE DO HOA,ME,,1,50,0,0,30,0,0,0,LAB,,GENERAL,1.0
ME3225,Kiểm soát và Quản lý chấ,ME,,3,150,30,0,15,0,23,0,LECTURE,ME3226,GENERAL,1.0
ME3281,VAT LIEU HOC VA XU LY,ME,,3,150,30,0,20,0,15,0,LECTURE,ME3282,GENERAL,1.0
ME3283,CONG NGHE SOI 1,ME,,3,150,30,14,0,0,24,0,LECTURE,ME3284,GENERAL,1.0
ME3285,CONG NGHE MAY 2,ME,,3,150,30,0,0,0,45,0,LECTURE,,GENERAL,1.0
ME3287,THUC TAP KY THUAT (CDM),ME,,3,150,0,0,90,0,0,0,LAB,,GENERAL,1.0
ME3293,NHIETDONGLUCHOC&TR/NHIET,ME,,3,65,30,0,20,0,15,0,LECTURE,ME3294,GENERAL,1.0
ME4015,TRUNG TAM NHIET DIEN,ME,,3,150,30,0,20,0,15,0,LECTURE,ME4016,GENERAL,1.0
ME4023,Điều độ trong Chuỗi cung,ME,,3,150,30,0,0,0,45,0,LECTURE,,GENERAL,1.0
ME4025,Quản lý Tồn kho trong Ch,ME,,3,150,30,0,0,0,45,0,LECTURE,,GENERAL,1.0
ME4031,Kỹ thuật Điều độ (KT Hệ,ME,,3,150,30,0,15,0,23,0,LECTURE,ME4032,GENERAL,1.0
ME4073,NANG LUONG TAI TAO,ME,,3,150,30,0,0,0,45,0,LECTURE,,GENERAL,1.0
ME4075,THUC HANH TTMP TRONG NL,ME,,1,50,15,0,0,0,0,0,LECTURE,,GENERAL,1.0
ME4083,KY THUAT DO LUONG TRG NL,ME,,3,150,30,0,20,0,15,0,LECTURE,ME4084,GENERAL,1.0
ME4131,KY THUAT SAY,ME,,3,150,30,0,15,0,23,0,LECTURE,ME4132,GENERAL,1.0
ME4133,HT PLC TRONG ROBOT &TDH,ME,,3,150,30,0,20,0,15,0,LECTURE,ME4134,GENERAL,1.0
ME4135,THIET KE HE THONG ROBOT,ME,,3,150,30,24,0,0,9,0,LECTURE,ME4136,GENERAL,1.0
ME4137,DLH & DK CAC HT ROBOT,ME,,3,150,30,24,0,0,9,0,LECTURE,ME4138,GENERAL,1.0
ME4201,NHAP MON THIGIAC MAYTINH,ME,,3,150,30,12,0,0,27,0,LECTURE,ME4202,GENERAL,1.0
ME4203,NHAP MON DIEU KHIEN HD,ME,,3,150,30,24,0,0,9,0,LECTURE,ME4204,GENERAL,1.0
ME4205,TU DONG HOA SAN XUAT,ME,,3,150,30,30,0,0,0,0,LECTURE,ME4206,GENERAL,1.0
ME4207,HE THONG DIEU KHIEN MO,ME,,3,150,30,18,12,0,0,0,LECTURE,ME4208,GENERAL,1.0
ME4211,HE THONG THOI GIAN THUC,ME,,3,150,30,24,0,0,9,0,LECTURE,ME4212,GENERAL,1.0
ME4215,NHAP MON DIEU KHIEN QTCN,ME,,3,150,30,24,0,0,9,0,LECTURE,ME4216,GENERAL,1.0
ME4217,D/KHIEN CAC HETHONGSERVO,ME,,3,150,30,18,12,0,0,0,LECTURE,ME4218,GENERAL,1.0
ME4301,VAT LIEU NHIET LANH,ME,,3,150,30,0,20,0,15,0,LECTURE,ME4302,GENERAL,1.0
ME4305,TUABIN HOI VA TUABIN KHI,ME,,3,150,30,0,20,0,15,0,LECTURE,ME4306,GENERAL,1.0
ME4607,Phân tích và Thiết kế Hệ,ME,,3,150,30,0,0,0,45,0,LECTURE,,GENERAL,1.0
ME4615,Sản xuất Tinh gọn,ME,,3,150,30,0,0,0,45,0,LECTURE,,GENERAL,1.0
ME5003,KY THUAT ROBOT,ME,,3,150,30,0,0,0,45,0,LECTURE,,GENERAL,1.0
ME5005,HE THONG PLC,ME,,3,150,30,0,0,0,45,0,LECTURE,,GENERAL,1.0
MT1003,Giải tích 1,MT,,4,200,45,0,0,0,45,0,LECTURE,,GENERAL,1.0
MT1007,Đại số Tuyến tính,MT,,3,150,30,0,0,0,45,0,LECTURE,,GENERAL,1.0
MT1009,Phương pháp tính,MT,,3,150,30,0,0,0,45,0,LECTURE,,GENERAL,1.0
MT1011,Giải tích 1,MT,,4,200,45,0,0,0,45,0,LECTURE,,GENERAL,1.0
MT1015,Đại số Tuyến tính,MT,,3,150,30,0,0,0,45,0,LECTURE,,GENERAL,1.0
MT1017,Giải tích trong Kinh doa,MT,,3,150,30,0,0,0,45,0,LECTURE,,GENERAL,1.0
MT1019,Giải tích 1 (CT Tiên tiế,MT,,4,200,45,0,0,0,45,0,LECTURE,,GENERAL,1.0
MT2007,Giải tích 3,MT,,3,150,30,0,0,0,45,0,LECTURE,,GENERAL,1.0
MT2009,Xác suất và Thống kê,MT,,4,200,45,0,0,0,45,0,LECTURE,,GENERAL,1.0
MT2013,Xác suất và Thống kê,MT,,4,200,45,0,0,0,45,0,LECTURE,,GENERAL,1.0
MT2015,Xác suất và ?ng dụng kỹ,MT,,3,150,30,0,0,0,45,0,LECTURE,,GENERAL,1.0
PH1003,Vật lý 1,PH,,4,200,45,0,0,0,45,0,LECTURE,,GENERAL,1.0
PH1007,Thí nghiệm Vật lý,PH,,1,50,0,0,30,0,0,0,LAB,,GENERAL,1.0
PH1011,Vật lý - Cơ Học,PH,,4,200,45,0,0,0,45,0,LECTURE,,GENERAL,1.0
PH2001,Cơ sở Kỹ thuật Y sinh,PH,,3,150,30,0,0,0,45,0,LECTURE,,GENERAL,1.0
PH2003,Tin học Vật lý Kỹ thuật,PH,,3,150,30,0,20,0,15,0,LECTURE,PH2004,GENERAL,1.0
PH2005,Vật lý 2,PH,,4,200,45,14,0,0,24,0,LECTURE,PH2006,GENERAL,1.0
PH2007,Thí nghiệm Vật lý,PH,,1,50,0,0,30,0,0,0,LAB,,GENERAL,1.0
SK1001,Kỹ năng Giao tiếp hiệu q,SK,,1,50,15,0,0,0,0,0,LECTURE,,GENERAL,1.0
SK2001,Kỹ năng Tư duy khoa học,SK,,1,50,15,0,0,0,0,0,LECTURE,,GENERAL,1.0
SP1007,Pháp luật Việt Nam Đại c,SP,,2,100,24,0,0,0,18,0,LECTURE,,GENERAL,1.0
SP1031,Triết học Mác - Lênin,SP,,3,150,30,0,0,0,45,0,LECTURE,,GENERAL,1.0
SP1033,Kinh tế Chính trị Mác -,SP,,2,100,24,0,0,0,18,0,LECTURE,,GENERAL,1.0
SP1035,Chủ nghĩa Xã hội Khoa họ,SP,,2,100,24,0,0,0,18,0,LECTURE,,GENERAL,1.0
SP1037,Tư tưởng Hồ Chí Minh,SP,,2,100,24,0,0,0,18,0,LECTURE,,GENERAL,1.0
SP1039,Lịch sử Đảng Cộng sản Vi,SP,,2,100,21,0,0,0,27,0,LECTURE,,GENERAL,1.0
SP1043,Văn hóa Nhật,SP,,3,150,30,0,0,0,45,0,LECTURE,,GENERAL,1.0
TR1001,Nhập môn Về Kỹ thuật,TR,,3,150,30,0,0,0,45,0,LECTURE,,GENERAL,1.0
TR1003,Vẽ kỹ thuật Giao thông,TR,,3,150,30,24,0,0,9,0,LECTURE,TR1004,GENERAL,1.0
TR1005,Cơ học Thủy khí,TR,,3,150,30,18,12,0,0,0,LECTURE,TR1006,GENERAL,1.0
TR1007,Nhập môn kỹ thuật về kỹ,TR,,3,150,30,0,0,0,45,0,LECTURE,,GENERAL,1.0
TR2005,Cơ học Vật rắn Biến dạng,TR,,3,150,30,24,0,0,9,0,LECTURE,TR2006,GENERAL,1.0
TR2011,Khí động lực học 1,TR,,3,150,30,24,0,0,9,0,LECTURE,TR2012,GENERAL,1.0
TR2035,Cơ kết cấu Giao thông,TR,,3,150,30,18,12,0,0,0,LECTURE,TR2036,GENERAL,1.0
TR2037,Lý thuyết Tàu thủy 1 - T,TR,,4,200,45,0,20,0,15,0,LECTURE,TR2038,GENERAL,1.0
TR2039,Cơ kỹ thuật,TR,,4,200,45,24,0,0,9,0,LECTURE,TR2040,GENERAL,1.0
TR3001,Cơ học bay,TR,,3,150,30,24,0,0,9,0,LECTURE,TR3002,GENERAL,1.0
TR3003,Cơ học Vật liệu Hàng khô,TR,,3,150,30,0,0,0,45,0,LECTURE,,GENERAL,1.0
TR3011,Khí động lực học 2,TR,,3,150,30,24,0,0,9,0,LECTURE,TR3012,GENERAL,1.0
TR3017,Kết cấu và Sức bền tàu,TR,,3,150,30,12,0,0,27,0,LECTURE,TR3018,GENERAL,1.0
TR3019,Thiết bị Năng lượng Tàu,TR,,3,150,30,12,0,0,27,0,LECTURE,TR3020,GENERAL,1.0
TR3027,Thiết kế Hệ thống động l,TR,,3,150,30,12,0,0,27,0,LECTURE,TR3028,GENERAL,1.0
TR3029,Động cơ gió,TR,,3,150,30,0,0,0,45,0,LECTURE,,GENERAL,1.0
TR3039,?n định và Điều khiển ba,TR,,3,150,30,24,0,0,9,0,LECTURE,TR3040,GENERAL,1.0
TR3051,Thí nghiệm Kỹ thuật Hàng,TR,,1,50,0,0,30,0,0,0,LAB,,GENERAL,1.0
TR3053,Thiết kế Tàu thủy,TR,,3,150,30,12,0,0,27,0,LECTURE,TR3054,GENERAL,1.0
TR3055,Các Hệ thời gian thực,TR,,3,150,30,24,0,0,9,0,LECTURE,TR3056,GENERAL,1.0
TR3061,Công nghệ Đóng tàu và Tổ,TR,,3,150,30,12,0,0,27,0,LECTURE,TR3062,GENERAL,1.0
TR3063,PHAN TICH THIET KE HDK,TR,,3,150,30,0,0,0,45,0,LECTURE,,GENERAL,1.0
TR3075,Thực tập Kỹ thuật Ô tô,TR,,2,100,0,0,60,0,0,0,LAB,,GENERAL,1.0
TR3077,Thí nghiệm Kỹ thuật Hàng,TR,,1,50,0,0,30,0,0,0,LAB,,GENERAL,1.0
TR3083,Máy Thủy khí,TR,,3,150,30,0,0,0,45,0,LECTURE,,GENERAL,1.0
TR3085,TRANG BI DIEN-DIEN TU TT,TR,,3,150,30,12,0,0,27,0,LECTURE,TR3086,GENERAL,1.0
TR3087,Khí đàn hồi,TR,,3,150,30,0,0,0,45,0,LECTURE,,GENERAL,1.0
TR3133,Động lực học Tàu thủy và,TR,,3,150,30,12,0,0,27,0,LECTURE,TR3134,GENERAL,1.0
TR3135,Phân tích kết cấu Máy ba,TR,,3,150,30,24,0,0,9,0,LECTURE,TR3136,GENERAL,1.0
TR3137,Hệ thống lực đẩy Máy bay,TR,,3,150,30,18,0,0,18,0,LECTURE,TR3138,GENERAL,1.0
TR3143,Động cơ Đốt trong,TR,,3,150,30,24,0,0,9,0,LECTURE,TR3144,GENERAL,1.0
TR3145,Lý Thuyết Ô tô,TR,,3,150,30,24,0,0,9,0,LECTURE,TR3146,GENERAL,1.0
TR4015,Thí nghiệm Kỹ thuật Hàng,TR,,1,50,0,0,30,0,0,0,LAB,,GENERAL,1.0
TR4043,Cảm biến và Tín hiệu,TR,,3,150,30,0,0,0,45,0,LECTURE,,GENERAL,1.0
TR4047,Phương pháp số - Động lự,TR,,3,150,30,0,0,0,45,0,LECTURE,,GENERAL,1.0
TR4051,Phương pháp Phần tử hữu,TR,,3,150,30,0,0,0,45,0,LECTURE,,GENERAL,1.0
TR4057,Hệ thống lực đẩy hỏa tiễ,TR,,3,150,30,0,0,0,45,0,LECTURE,,GENERAL,1.0
TR4067,NHAN DANG HETHONG MAYBAY,TR,,3,150,30,0,0,0,45,0,LECTURE,,GENERAL,1.0
TR4069,DIEN -DIEN TU HANG KHONG,TR,,3,150,30,0,0,0,45,0,LECTURE,,GENERAL,1.0
TR4071,THIET KE TOI UU,TR,,3,150,30,0,0,0,45,0,LECTURE,,GENERAL,1.0
TR4073,Cơ học va chạm,TR,,3,150,30,0,0,0,45,0,LECTURE,,GENERAL,1.0
TR4081,Thiết kế Máy bay,TR,,3,150,30,0,0,0,45,0,LECTURE,,GENERAL,1.0
TR4083,Động cơ Tuabin,TR,,3,150,30,0,0,0,45,0,LECTURE,,GENERAL,1.0
TR4085,Phương pháp Thiết kế độn,TR,,3,150,30,0,0,0,45,0,LECTURE,,GENERAL,1.0
TR4087,Công nghệ Ô tô,TR,,3,150,30,0,0,0,45,0,LECTURE,,GENERAL,1.0
TR4089,Điều khiển Tự động trên,TR,,3,150,30,0,0,0,45,0,LECTURE,,GENERAL,1.0
TR4095,Máy bay Trực thăng,TR,,3,150,30,0,0,0,45,0,LECTURE,,GENERAL,1.0
TR4097,Cơ học rạn nứt và mỏi,TR,,3,150,30,0,0,0,45,0,LECTURE,,GENERAL,1.0
TR5005,Cơ học Môi trường liên t,TR,,3,150,30,12,0,0,27,0,LECTURE,TR5006,GENERAL,1.0
